x,one,logn,n,nlogn,nsquare
0,0,0,0,0,0
1,0.000000109,0.000001728,0.000015889,0.000131000,0.003435488
2,0.000000084,0.000001929,0.000015831,0.000119000,0.003483649
3,0.000000077,0.000001714,0.000015135,0.000120000,0.003501437
4,0.000000075,0.000001736,0.000015347,0.000118000,0.003600265
5,0.000000080,0.000001762,0.000015491,0.000127000,0.003535368
6,0.000000098,0.000001815,0.000015857,0.000119000,0.003352896
7,0.000000072,0.000001576,0.000014745,0.000114000,0.004056206
8,0.000000109,0.000001924,0.000017722,0.000131000,0.003740343
9,0.000000086,0.000002318,0.000016135,0.000124000,0.003784757
10,0.000000078,0.000001801,0.000015902,0.000128000,0.003664266
11,0.000000082,0.000001865,0.000016516,0.000126000,0.003609738
12,0.000000085,0.000001941,0.000017101,0.000122000,0.003704679
13,0.000000081,0.000001683,0.000016090,0.000124000,0.003627014
14,0.000000080,0.000001637,0.000016592,0.000125000,0.003619812
15,0.000000095,0.000001872,0.000015973,0.000128000,0.003634720
16,0.000000126,0.000001993,0.000016361,0.000126000,0.003680898
17,0.000000095,0.000001750,0.000020868,0.000127000,0.003728244
18,0.000000078,0.000001704,0.000016534,0.000119000,0.003456733
19,0.000000126,0.000002035,0.000019040,0.000128000,0.003302178
20,0.000000071,0.000001481,0.000013770,0.000103000,0.003292368
21,0.000000104,0.000002023,0.000017215,0.000133000,0.003859542
22,0.000000096,0.000001822,0.000015805,0.000122000,0.003577546
23,0.000000096,0.000001787,0.000015955,0.000122000,0.003573507
24,0.000000078,0.000001887,0.000016140,0.000122000,0.003665161
25,0.000000095,0.000001894,0.000016375,0.000125000,0.003692795
26,0.000000081,0.000001767,0.000016017,0.000130000,0.003524170
27,0.000000079,0.000001776,0.000015536,0.000119000,0.003659000
28,0.000000083,0.000001731,0.000017097,0.000121000,0.003605520
29,0.000000077,0.000001902,0.000016017,0.000125000,0.003826262
30,0.000000083,0.000001847,0.000016239,0.000122000,0.003603734
31,0.000000081,0.000001664,0.000016414,0.000126000,0.004587641
32,0.000000116,0.000001784,0.000015977,0.000118000,0.003506202
33,0.000000080,0.000001737,0.000016528,0.000124000,0.003558821
34,0.000000076,0.000001737,0.000015338,0.000118000,0.003325405
35,0.000000083,0.000001902,0.000016537,0.000126000,0.003837867
36,0.000000082,0.000001914,0.000016183,0.000126000,0.003627306
37,0.000000082,0.000001870,0.000015872,0.000123000,0.003779523
38,0.000000082,0.000001693,0.000015930,0.000120000,0.003598322
39,0.000000081,0.000001714,0.000015753,0.000133000,0.003597652
40,0.000000079,0.000001906,0.000016118,0.000131000,0.003691114
41,0.000000082,0.000001929,0.000016654,0.000125000,0.003613920
42,0.000000096,0.000001776,0.000015930,0.000125000,0.003564410
43,0.000000085,0.000001830,0.000016381,0.000127000,0.003626324
44,0.000000086,0.000001855,0.000017960,0.000121000,0.003674711
45,0.000000081,0.000001771,0.000016333,0.000126000,0.003216961
46,0.000000073,0.000001482,0.000014028,0.000116000,0.003698335
47,0.000000079,0.000001786,0.000015865,0.000124000,0.003509336
48,0.000000083,0.000001843,0.000016104,0.000124000,0.003622237
49,0.000000082,0.000001846,0.000016201,0.000122000,0.003740270
50,0.000000083,0.000001845,0.000016274,0.000122000,0.003515043
51,0.000000078,0.000001774,0.000015935,0.000118000,0.003558378
52,0.000000081,0.000001824,0.000015747,0.000125000,0.003597705
53,0.000000085,0.000002057,0.000016284,0.000125000,0.003934296
54,0.000000079,0.000001682,0.000015348,0.000129000,0.003658525
55,0.000000077,0.000001841,0.000016018,0.000124000,0.003702073
56,0.000000077,0.000001698,0.000016036,0.000124000,0.003516977
57,0.000000091,0.000001683,0.000015850,0.000124000,0.003623440
58,0.000000076,0.000001825,0.000016450,0.000122000,0.003714820
59,0.000000083,0.000001856,0.000016212,0.000128000,0.003612098
60,0.000000076,0.000001825,0.000014003,0.000106000,0.003095240
61,0.000000078,0.000001617,0.000013933,0.000104000,0.003711539
62,0.000000084,0.000001950,0.000016297,0.000125000,0.003554449
63,0.000000081,0.000001882,0.000016539,0.000121000,0.003765554
64,0.000000113,0.000001858,0.000015857,0.000122000,0.004372791
65,0.000000080,0.000001902,0.000016053,0.000121000,0.003503310
66,0.000000090,0.000001899,0.000016346,0.000121000,0.003631078
67,0.000000091,0.000001856,0.000016551,0.000124000,0.003563838
68,0.000000081,0.000001822,0.000017323,0.000128000,0.003613836
69,0.000000095,0.000001926,0.000016059,0.000123000,0.003573108
70,0.000000088,0.000002071,0.000021989,0.000124000,0.003703950
71,0.000000082,0.000001748,0.000016573,0.000125000,0.003579832
72,0.000000085,0.000001790,0.000016227,0.000122000,0.003638628
73,0.000000082,0.000001811,0.000015788,0.000122000,0.003636650
74,0.000000084,0.000001879,0.000025181,0.000131000,0.003632647
75,0.000000086,0.000001751,0.000016360,0.000122000,0.003842171
76,0.000000088,0.000001969,0.000016344,0.000126000,0.003645174
77,0.000000080,0.000002024,0.000015720,0.000125000,0.003580065
78,0.000000089,0.000001881,0.000016313,0.000123000,0.003592086
79,0.000000081,0.000001649,0.000016553,0.000123000,0.003569092
80,0.000000078,0.000001615,0.000015427,0.000126000,0.003625131
81,0.000000081,0.000001842,0.000015781,0.000121000,0.003633337
82,0.000000086,0.000001572,0.000015521,0.000122000,0.003425809
83,0.000000118,0.000001569,0.000014943,0.000117000,0.003874488
84,0.000000085,0.000002267,0.000017721,0.000132000,0.003690905
85,0.000000083,0.000001837,0.000017190,0.000124000,0.003619008
86,0.000000089,0.000002025,0.000016496,0.000126000,0.003716691
87,0.000000087,0.000001760,0.000016569,0.000150000,0.003693441
88,0.000000085,0.000001606,0.000023616,0.000125000,0.003657852
89,0.000000083,0.000001581,0.000016024,0.000122000,0.003675950
90,0.000000086,0.000001846,0.000016404,0.000126000,0.003658380
91,0.000000082,0.000001636,0.000016419,0.000138000,0.003763872
92,0.000000089,0.000001781,0.000016292,0.000129000,0.003826367
93,0.000000082,0.000001832,0.000016216,0.000121000,0.003913563
94,0.000000086,0.000001758,0.000016547,0.000131000,0.004119563
95,0.000000087,0.000001809,0.000015763,0.000123000,0.003472818
96,0.000000075,0.000001879,0.000015202,0.000121000,0.003786800
97,0.000000088,0.000002063,0.000016676,0.000128000,0.003831527
98,0.000000081,0.000002086,0.000016833,0.000124000,0.004868435
99,0.000000097,0.000001847,0.000016535,0.000134000,0.003717952
100,0.000000083,0.000001959,0.000017553,0.000128000,0.003648261
101,0.000000100,0.000001923,0.000016318,0.000126000,0.003787487
102,0.000000089,0.000001957,0.000016293,0.000137000,0.003678043
103,0.000000083,0.000001826,0.000016615,0.000125000,0.003827513
104,0.000000084,0.000001846,0.000016551,0.000129000,0.003827394
105,0.000000083,0.000001855,0.000017597,0.000134000,0.003707584
106,0.000000093,0.000001872,0.000016525,0.000122000,0.003681705
107,0.000000083,0.000001792,0.000016346,0.000128000,0.003594879
108,0.000000084,0.000001927,0.000016223,0.000132000,0.003636255
109,0.000000099,0.000001894,0.000021261,0.000134000,0.003890828
110,0.000000089,0.000001849,0.000016436,0.000131000,0.003800599
111,0.000000088,0.000001783,0.000015774,0.000122000,0.004037172
112,0.000000081,0.000001991,0.000015974,0.000130000,0.003792728
113,0.000000083,0.000001812,0.000016985,0.000125000,0.003718716
114,0.000000089,0.000002350,0.000015773,0.000127000,0.003629445
115,0.000000081,0.000001956,0.000016370,0.000133000,0.003979767
116,0.000000087,0.000001893,0.000016146,0.000125000,0.003736681
117,0.000000087,0.000001789,0.000017489,0.000134000,0.003673437
118,0.000000107,0.000001790,0.000022308,0.000131000,0.003688737
119,0.000000084,0.000001823,0.000018291,0.000128000,0.003711619
120,0.000000104,0.000001878,0.000017812,0.000130000,0.003737384
121,0.000000082,0.000001843,0.000016036,0.000127000,0.003734567
122,0.000000089,0.000001668,0.000016317,0.000128000,0.003666424
123,0.000000085,0.000001980,0.000016498,0.000126000,0.003702281
124,0.000000104,0.000001860,0.000015441,0.000121000,0.003442681
125,0.000000084,0.000001790,0.000015145,0.000117000,0.003683315
126,0.000000084,0.000002048,0.000016957,0.000126000,0.003649129
127,0.000000083,0.000001770,0.000021051,0.000124000,0.003888625
128,0.000000078,0.000001689,0.000014186,0.000113000,0.003253630
129,0.000000074,0.000001572,0.000015050,0.000116000,0.003364072
130,0.000000097,0.000001680,0.000015247,0.000120000,0.003409367
131,0.000000083,0.000001695,0.000015777,0.000122000,0.003556812
132,0.000000079,0.000001792,0.000015502,0.000119000,0.003590587
133,0.000000082,0.000001927,0.000016727,0.000124000,0.003637049
134,0.000000085,0.000001899,0.000016443,0.000123000,0.003587886
135,0.000000083,0.000001782,0.000016042,0.000126000,0.003648118
136,0.000000083,0.000001888,0.000016364,0.000132000,0.003743798
137,0.000000083,0.000001975,0.000016859,0.000126000,0.003640622
138,0.000000087,0.000001770,0.000016888,0.000127000,0.003658917
139,0.000000085,0.000001862,0.000016622,0.000125000,0.003916948
140,0.000000083,0.000001787,0.000016631,0.000127000,0.003600749
141,0.000000083,0.000001655,0.000016006,0.000121000,0.003548773
142,0.000000082,0.000002077,0.000016228,0.000122000,0.003645913
143,0.000000113,0.000001760,0.000016196,0.000123000,0.003615988
144,0.000000088,0.000001856,0.000016229,0.000122000,0.003874383
145,0.000000083,0.000001896,0.000016488,0.000130000,0.003688207
146,0.000000082,0.000001836,0.000017088,0.000129000,0.003860033
147,0.000000083,0.000001680,0.000016353,0.000127000,0.003592021
148,0.000000084,0.000001723,0.000016436,0.000125000,0.003674716
149,0.000000085,0.000001799,0.000016347,0.000129000,0.003650492
150,0.000000085,0.000001847,0.000015940,0.000129000,0.003810451
151,0.000000079,0.000001839,0.000015988,0.000125000,0.003582136
152,0.000000085,0.000002241,0.000016353,0.000123000,0.003651327
153,0.000000080,0.000002135,0.000015945,0.000125000,0.003569884
154,0.000000080,0.000001966,0.000016608,0.000120000,0.003603846
155,0.000000083,0.000001757,0.000015867,0.000123000,0.003594030
156,0.000000079,0.000001802,0.000015599,0.000120000,0.003499909
157,0.000000081,0.000001797,0.000016266,0.000122000,0.004007046
158,0.000000079,0.000001708,0.000015932,0.000133000,0.003549063
159,0.000000079,0.000001615,0.000015167,0.000121000,0.003517688
160,0.000000081,0.000001847,0.000015892,0.000118000,0.003642177
161,0.000000084,0.000001766,0.000015375,0.000121000,0.003595829
162,0.000000082,0.000002159,0.000016075,0.000119000,0.003515773
163,0.000000082,0.000001696,0.000015441,0.000121000,0.003494693
164,0.000000081,0.000001715,0.000015609,0.000120000,0.003576615
165,0.000000077,0.000001599,0.000015789,0.000127000,0.003591502
166,0.000000081,0.000001922,0.000016591,0.000121000,0.003579008
167,0.000000082,0.000001909,0.000016162,0.000123000,0.003847534
168,0.000000099,0.000002539,0.000016093,0.000120000,0.003675568
169,0.000000081,0.000001819,0.000015884,0.000119000,0.003508296
170,0.000000078,0.000001790,0.000015749,0.000121000,0.003752671
171,0.000000101,0.000001742,0.000016409,0.000123000,0.003492148
172,0.000000079,0.000001826,0.000015610,0.000123000,0.003485143
173,0.000000078,0.000001638,0.000015490,0.000130000,0.003457891
174,0.000000080,0.000001876,0.000015866,0.000121000,0.003513138
175,0.000000083,0.000002081,0.000015214,0.000121000,0.003520666
176,0.000000082,0.000002039,0.000015912,0.000119000,0.003496192
177,0.000000085,0.000001798,0.000016102,0.000122000,0.003560985
178,0.000000097,0.000001674,0.000015609,0.000122000,0.003639207
179,0.000000081,0.000001960,0.000016213,0.000126000,0.003636557
180,0.000000082,0.000001786,0.000015712,0.000124000,0.003722418
181,0.000000113,0.000001952,0.000016329,0.000125000,0.003716959
182,0.000000088,0.000001764,0.000016841,0.000123000,0.003584598
183,0.000000082,0.000002527,0.000016942,0.000123000,0.003691036
184,0.000000082,0.000001667,0.000016107,0.000123000,0.003602481
185,0.000000093,0.000001942,0.000016101,0.000123000,0.003630731
186,0.000000085,0.000001655,0.000015929,0.000122000,0.003612752
187,0.000000107,0.000001876,0.000016209,0.000125000,0.003770198
188,0.000000080,0.000001654,0.000016071,0.000124000,0.003667178
189,0.000000083,0.000002124,0.000015932,0.000124000,0.003564909
190,0.000000081,0.000001840,0.000015886,0.000122000,0.005102790
191,0.000000076,0.000001955,0.000016154,0.000125000,0.003586987
192,0.000000099,0.000001790,0.000015778,0.000124000,0.003789823
193,0.000000081,0.000001872,0.000015617,0.000122000,0.003556064
194,0.000000083,0.000001849,0.000016055,0.000125000,0.003579333
195,0.000000081,0.000001768,0.000015981,0.000123000,0.003593331
196,0.000000092,0.000001802,0.000016164,0.000124000,0.003544954
197,0.000000089,0.000001845,0.000016622,0.000120000,0.003661704
198,0.000000084,0.000002077,0.000016964,0.000125000,0.003654341
199,0.000000082,0.000001844,0.000015638,0.000124000,0.003936875
200,0.000000082,0.000001933,0.000016091,0.000121000,0.003564983
201,0.000000081,0.000001737,0.000015926,0.000134000,0.003603388
202,0.000000082,0.000001706,0.000016372,0.000124000,0.003614043
203,0.000000084,0.000001836,0.000016001,0.000184000,0.003540653
204,0.000000083,0.000001730,0.000016512,0.000126000,0.003605294
205,0.000000082,0.000001801,0.000016049,0.000124000,0.003936302
206,0.000000082,0.000001795,0.000015889,0.000123000,0.003921485
207,0.000000088,0.000001860,0.000015981,0.000126000,0.003729027
208,0.000000081,0.000001794,0.000017335,0.000122000,0.003719296
209,0.000000087,0.000001827,0.000016888,0.000129000,0.003762553
210,0.000000081,0.000001792,0.000015565,0.000124000,0.003624059
211,0.000000081,0.000001692,0.000017012,0.000126000,0.003701793
212,0.000000082,0.000001871,0.000016395,0.000123000,0.003561072
213,0.000000083,0.000001801,0.000015990,0.000121000,0.003517408
214,0.000000075,0.000001755,0.000015741,0.000123000,0.003626327
215,0.000000081,0.000001880,0.000016064,0.000132000,0.003751551
216,0.000000091,0.000001811,0.000022427,0.000125000,0.003644240
217,0.000000078,0.000001878,0.000016003,0.000122000,0.003650452
218,0.000000101,0.000001893,0.000016735,0.000124000,0.003666827
219,0.000000091,0.000001782,0.000015911,0.000122000,0.003621871
220,0.000000082,0.000001841,0.000016125,0.000124000,0.003462224
221,0.000000079,0.000001708,0.000020734,0.000118000,0.003778116
222,0.000000082,0.000001722,0.000015384,0.000121000,0.003474763
223,0.000000083,0.000001755,0.000015648,0.000124000,0.003555133
224,0.000000087,0.000001759,0.000015377,0.000119000,0.003585995
225,0.000000081,0.000001715,0.000015995,0.000127000,0.003537675
226,0.000000085,0.000001780,0.000015914,0.000124000,0.003599404
227,0.000000086,0.000001754,0.000016374,0.000139000,0.003571952
228,0.000000093,0.000001873,0.000015985,0.000124000,0.003606384
229,0.000000113,0.000001816,0.000015911,0.000120000,0.003652560
230,0.000000081,0.000001886,0.000016481,0.000122000,0.003563216
231,0.000000083,0.000001908,0.000016034,0.000123000,0.003687822
232,0.000000085,0.000001870,0.000016257,0.000122000,0.003580044
233,0.000000080,0.000001768,0.000015936,0.000124000,0.003607043
234,0.000000081,0.000001608,0.000016472,0.000129000,0.003520306
235,0.000000077,0.000001824,0.000016415,0.000123000,0.003639134
236,0.000000087,0.000001988,0.000016103,0.000123000,0.003612602
237,0.000000081,0.000001752,0.000016039,0.000124000,0.003902411
238,0.000000080,0.000001863,0.000028228,0.000124000,0.003500569
239,0.000000081,0.000001836,0.000015767,0.000121000,0.003477475
240,0.000000080,0.000001745,0.000015556,0.000139000,0.003470859
241,0.000000082,0.000001856,0.000016014,0.000121000,0.003469599
242,0.000000078,0.000001538,0.000015425,0.000119000,0.003559549
243,0.000000083,0.000001860,0.000015805,0.000123000,0.003479110
244,0.000000077,0.000001806,0.000015431,0.000120000,0.003529565
245,0.000000082,0.000002442,0.000015439,0.000123000,0.003514697
246,0.000000094,0.000001877,0.000015765,0.000125000,0.003539974
247,0.000000083,0.000001606,0.000016204,0.000125000,0.003614641
248,0.000000084,0.000001822,0.000016188,0.000124000,0.003586701
249,0.000000081,0.000001778,0.000016461,0.000123000,0.003591088
250,0.000000074,0.000001679,0.000015935,0.000126000,0.003565757
251,0.000000080,0.000001646,0.000015404,0.000119000,0.003557725
252,0.000000078,0.000001738,0.000016487,0.000122000,0.003732897
253,0.000000084,0.000001711,0.000015705,0.000119000,0.003523931
254,0.000000081,0.000001612,0.000016650,0.000120000,0.003397414
255,0.000000079,0.000001624,0.000016643,0.000122000,0.003498449
256,0.000000080,0.000001775,0.000015596,0.000122000,0.003453756
257,0.000000085,0.000001721,0.000015978,0.000121000,0.003508816
258,0.000000079,0.000001728,0.000015605,0.000121000,0.003732485
259,0.000000085,0.000001919,0.000016396,0.000127000,0.004806676
260,0.000000082,0.000001784,0.000015964,0.000126000,0.003489702
261,0.000000085,0.000001779,0.000016081,0.000122000,0.003769056
262,0.000000079,0.000001719,0.000016051,0.000162000,0.003630606
263,0.000000080,0.000001828,0.000015825,0.000123000,0.003775843
264,0.000000082,0.000001820,0.000016705,0.000128000,0.003616021
265,0.000000084,0.000001696,0.000016574,0.000127000,0.004086219
266,0.000000082,0.000001830,0.000016121,0.000123000,0.003586309
267,0.000000084,0.000001783,0.000016676,0.000332000,0.003753597
268,0.000000081,0.000002376,0.000015919,0.000124000,0.003597728
269,0.000000080,0.000001793,0.000015756,0.000128000,0.003667032
270,0.000000093,0.000001749,0.000016054,0.000126000,0.003578693
271,0.000000084,0.000001911,0.000016181,0.000123000,0.003607205
272,0.000000076,0.000001963,0.000016092,0.000125000,0.003532736
273,0.000000081,0.000001706,0.000016478,0.000123000,0.003660212
274,0.000000082,0.000001801,0.000016352,0.000124000,0.003592057
275,0.000000085,0.000001692,0.000015896,0.000123000,0.004004993
276,0.000000079,0.000001866,0.000016768,0.000124000,0.003606584
277,0.000000080,0.000001896,0.000017373,0.000127000,0.003825541
278,0.000000084,0.000001763,0.000016125,0.000126000,0.003610869
279,0.000000084,0.000001817,0.000015857,0.000126000,0.003592298
280,0.000000083,0.000001861,0.000016280,0.000122000,0.003571455
281,0.000000079,0.000001951,0.000015636,0.000119000,0.003459054
282,0.000000079,0.000002134,0.000134465,0.000122000,0.003700066
283,0.000000081,0.000002029,0.000015947,0.000133000,0.003670642
284,0.000000083,0.000001738,0.000015783,0.000123000,0.003737885
285,0.000000084,0.000002105,0.000016299,0.000122000,0.003842409
286,0.000000081,0.000001873,0.000016068,0.000123000,0.003685906
287,0.000000082,0.000001937,0.000016456,0.000129000,0.003577285
288,0.000000081,0.000001823,0.000016828,0.000140000,0.003777246
289,0.000000093,0.000001774,0.000016038,0.000127000,0.003656641
290,0.000000082,0.000001949,0.000015682,0.000124000,0.003588868
291,0.000000081,0.000001862,0.000016079,0.000124000,0.003614722
292,0.000000084,0.000002059,0.000016075,0.000124000,0.003600366
293,0.000000083,0.000001758,0.000015677,0.000184000,0.003736201
294,0.000000082,0.000001840,0.000015743,0.000122000,0.003689897
295,0.000000090,0.000001954,0.000017248,0.000132000,0.003749025
296,0.000000082,0.000001792,0.000016531,0.000120000,0.005115995
297,0.000000089,0.000001794,0.000016239,0.000122000,0.003699252
298,0.000000080,0.000001781,0.000015780,0.000125000,0.003479577
299,0.000000083,0.000001774,0.000019185,0.000121000,0.003538413
300,0.000000086,0.000001728,0.000015929,0.000118000,0.003549502
301,0.000000084,0.000001811,0.000016598,0.000125000,0.003661635
302,0.000000082,0.000001693,0.000015685,0.000129000,0.003727411
303,0.000000085,0.000001773,0.000015508,0.000118000,0.004573597
304,0.000000087,0.000001760,0.000015577,0.000119000,0.003526585
305,0.000000079,0.000001782,0.000015578,0.000119000,0.003490002
306,0.000000079,0.000001993,0.000015513,0.000117000,0.003516420
307,0.000000082,0.000001776,0.000016266,0.000119000,0.003439084
308,0.000000076,0.000001628,0.000015192,0.000117000,0.003443012
309,0.000000085,0.000001825,0.000016039,0.000122000,0.003460094
310,0.000000082,0.000001655,0.000015443,0.000119000,0.003568768
311,0.000000082,0.000001757,0.000015853,0.000122000,0.003750466
312,0.000000079,0.000001743,0.000015570,0.000122000,0.003521347
313,0.000000082,0.000001680,0.000015480,0.000120000,0.003543603
314,0.000000082,0.000001753,0.000015464,0.000125000,0.003599413
315,0.000000080,0.000001795,0.000015929,0.000128000,0.003618053
316,0.000000082,0.000001727,0.000016028,0.000126000,0.004597486
317,0.000000082,0.000001799,0.000015995,0.000124000,0.003579464
318,0.000000084,0.000002094,0.000015670,0.000126000,0.004154959
319,0.000000081,0.000001804,0.000016128,0.000121000,0.003562483
320,0.000000082,0.000001801,0.000016323,0.000128000,0.003784465
321,0.000000083,0.000001863,0.000016399,0.000122000,0.003587075
322,0.000000086,0.000001690,0.000016561,0.000124000,0.003698923
323,0.000000079,0.000001675,0.000020881,0.000125000,0.003600670
324,0.000000081,0.000001905,0.000015760,0.000121000,0.003720727
325,0.000000084,0.000001807,0.000016038,0.000118000,0.003465875
326,0.000000081,0.000002180,0.000016268,0.000126000,0.003686024
327,0.000000093,0.000001926,0.000016399,0.000124000,0.003575213
328,0.000000087,0.000001811,0.000016427,0.000123000,0.003556037
329,0.000000081,0.000001797,0.000015920,0.000123000,0.003574569
330,0.000000081,0.000001881,0.000016140,0.000125000,0.003569972
331,0.000000085,0.000001617,0.000015320,0.000119000,0.003539030
332,0.000000088,0.000001903,0.000015953,0.000126000,0.003582654
333,0.000000082,0.000001659,0.000015999,0.000120000,0.003684848
334,0.000000092,0.000001648,0.000015877,0.000125000,0.003563335
335,0.000000091,0.000001773,0.000016196,0.000122000,0.003639727
336,0.000000081,0.000001807,0.000016158,0.000124000,0.003587171
337,0.000000085,0.000001797,0.000016692,0.000125000,0.003588195
338,0.000000086,0.000001847,0.000015913,0.000123000,0.003728426
339,0.000000087,0.000001920,0.000015911,0.000126000,0.003592569
340,0.000000083,0.000001711,0.000017051,0.000121000,0.003692241
341,0.000000083,0.000001661,0.000016003,0.000121000,0.005153339
342,0.000000087,0.000001734,0.000015506,0.000118000,0.003481572
343,0.000000091,0.000001753,0.000015668,0.000119000,0.003471298
344,0.000000079,0.000001927,0.000015828,0.000120000,0.003589809
345,0.000000068,0.000001656,0.000015581,0.000122000,0.003485519
346,0.000000078,0.000001724,0.000015490,0.000127000,0.003508535
347,0.000000085,0.000001628,0.000015943,0.000124000,0.003526115
348,0.000000099,0.000001768,0.000015897,0.000120000,0.003465199
349,0.000000083,0.000001935,0.000015703,0.000123000,0.003683700
350,0.000000079,0.000001719,0.000016012,0.000125000,0.003666046
351,0.000000085,0.000001922,0.000015836,0.000123000,0.003577763
352,0.000000108,0.000001896,0.000016088,0.000136000,0.003591263
353,0.000000082,0.000001811,0.000016065,0.000125000,0.003572871
354,0.000000082,0.000001570,0.000015693,0.000125000,0.003645697
355,0.000000081,0.000001781,0.000019094,0.000122000,0.003717964
356,0.000000078,0.000001817,0.000015846,0.000122000,0.003833417
357,0.000000083,0.000001935,0.000016699,0.000124000,0.003580249
358,0.000000085,0.000001973,0.000016493,0.000131000,0.003683923
359,0.000000086,0.000001998,0.000015756,0.000121000,0.003613736
360,0.000000081,0.000001763,0.000016011,0.000122000,0.003592517
361,0.000000077,0.000001957,0.000015946,0.000125000,0.003796467
362,0.000000097,0.000001832,0.000025446,0.000126000,0.003629366
363,0.000000101,0.000001807,0.000016022,0.000126000,0.003600094
364,0.000000082,0.000001963,0.000016021,0.000125000,0.003648845
365,0.000000086,0.000001948,0.000016712,0.000132000,0.003736737
366,0.000000082,0.000001881,0.000016420,0.000122000,0.003592048
367,0.000000081,0.000001848,0.000016195,0.000126000,0.003799861
368,0.000000085,0.000001892,0.000016504,0.000127000,0.003676852
369,0.000000084,0.000001809,0.000016449,0.000122000,0.003716226
370,0.000000081,0.000001772,0.000018860,0.000124000,0.003659075
371,0.000000087,0.000001794,0.000015790,0.000124000,0.003681343
372,0.000000081,0.000001988,0.000015925,0.000125000,0.003635935
373,0.000000081,0.000002212,0.000015843,0.000128000,0.003600724
374,0.000000083,0.000001800,0.000016178,0.000121000,0.003681034
375,0.000000082,0.000001633,0.000016472,0.000125000,0.003577212
376,0.000000081,0.000001845,0.000016038,0.000123000,0.003699185
377,0.000000081,0.000001719,0.000016299,0.000124000,0.003646678
378,0.000000082,0.000001783,0.000016039,0.000127000,0.003902068
379,0.000000081,0.000001800,0.000016349,0.000127000,0.003792892
380,0.000000082,0.000001825,0.000016770,0.000123000,0.003647811
381,0.000000084,0.000001795,0.000016309,0.000124000,0.003646172
382,0.000000084,0.000001832,0.000016179,0.000123000,0.003712335
383,0.000000085,0.000001825,0.000017105,0.000129000,0.003659898
384,0.000000085,0.000001691,0.000015928,0.000124000,0.003687188
385,0.000000083,0.000001736,0.000018030,0.000127000,0.003668805
386,0.000000088,0.000001924,0.000016221,0.000129000,0.003726203
387,0.000000087,0.000001703,0.000029539,0.000127000,0.003883804
388,0.000000084,0.000001751,0.000028613,0.000125000,0.003663206
389,0.000000079,0.000001951,0.000016635,0.000129000,0.003859522
390,0.000000097,0.000001923,0.000016387,0.000123000,0.003551112
391,0.000000082,0.000001843,0.000015248,0.000120000,0.003512309
392,0.000000078,0.000001753,0.000015741,0.000124000,0.003707337
393,0.000000087,0.000001847,0.000016497,0.000127000,0.003617608
394,0.000000084,0.000001840,0.000016119,0.000122000,0.003585366
395,0.000000084,0.000001942,0.000016546,0.000125000,0.003981712
396,0.000000084,0.000001828,0.000015829,0.000125000,0.003707991
397,0.000000095,0.000001884,0.000016161,0.000126000,0.003732214
398,0.000000081,0.000001829,0.000016397,0.000135000,0.003722867
399,0.000000092,0.000001616,0.000021836,0.000126000,0.003599499
400,0.000000081,0.000001766,0.000015943,0.000125000,0.003577902
401,0.000000083,0.000001774,0.000016334,0.000127000,0.003615156
402,0.000000083,0.000001854,0.000016361,0.000127000,0.003565761
403,0.000000082,0.000001821,0.000015756,0.000123000,0.003812091
404,0.000000083,0.000002047,0.000016402,0.000135000,0.003727841
405,0.000000080,0.000001841,0.000015662,0.000137000,0.003701762
406,0.000000086,0.000001829,0.000016892,0.000131000,0.003633479
407,0.000000086,0.000002031,0.000016410,0.000125000,0.003668751
408,0.000000082,0.000001776,0.000016445,0.000131000,0.004786710
409,0.000000083,0.000001860,0.000016012,0.000124000,0.003824372
410,0.000000081,0.000001984,0.000016899,0.000129000,0.003601872
411,0.000000105,0.000001672,0.000019987,0.000124000,0.004393253
412,0.000000084,0.000001779,0.000016116,0.000127000,0.003664306
413,0.000000083,0.000001628,0.000015940,0.000123000,0.003670665
414,0.000000083,0.000001705,0.000016134,0.000127000,0.003672800
415,0.000000077,0.000002014,0.000016292,0.000125000,0.003603728
416,0.000000092,0.000002243,0.000015812,0.000123000,0.003740109
417,0.000000087,0.000001728,0.000016743,0.000143000,0.003780535
418,0.000000087,0.000002433,0.000016453,0.000122000,0.003574239
419,0.000000081,0.000001819,0.000017265,0.000124000,0.003620835
420,0.000000080,0.000002110,0.000016092,0.000124000,0.003608822
421,0.000000080,0.000002212,0.000016250,0.000127000,0.003701710
422,0.000000084,0.000002070,0.000017881,0.000123000,0.003991919
423,0.000000081,0.000001878,0.000022222,0.000131000,0.003984580
424,0.000000084,0.000001927,0.000070319,0.000127000,0.003820526
425,0.000000082,0.000001632,0.000016478,0.000125000,0.003690147
426,0.000000082,0.000001862,0.000016063,0.000125000,0.003881287
427,0.000000083,0.000002048,0.000016588,0.000129000,0.003986461
428,0.000000083,0.000001763,0.000015916,0.000124000,0.004310039
429,0.000000088,0.000001895,0.000016299,0.000125000,0.003809944
430,0.000000087,0.000001847,0.000016981,0.000133000,0.003926431
431,0.000000083,0.000001675,0.000017041,0.000124000,0.003749849
432,0.000000096,0.000001844,0.000016815,0.000124000,0.003634486
433,0.000000086,0.000001773,0.000016375,0.000127000,0.003774673
434,0.000000092,0.000001974,0.000016859,0.000128000,0.004086238
435,0.000000084,0.000001853,0.000017661,0.000129000,0.004470902
436,0.000000086,0.000001924,0.000016375,0.000181000,0.003641254
437,0.000000090,0.000001865,0.000016329,0.000124000,0.003628702
438,0.000000084,0.000001745,0.000016318,0.000127000,0.003772690
439,0.000000088,0.000001850,0.000016880,0.000132000,0.003830790
440,0.000000077,0.000001670,0.000016325,0.000131000,0.003529636
441,0.000000079,0.000001903,0.000015219,0.000120000,0.003584587
442,0.000000087,0.000001850,0.000016843,0.000141000,0.003862196
443,0.000000089,0.000001936,0.000017090,0.000132000,0.004000775
444,0.000000085,0.000001931,0.000016910,0.000127000,0.003778140
445,0.000000083,0.000001859,0.000023785,0.000126000,0.003668795
446,0.000000175,0.000001846,0.000018149,0.000132000,0.003936709
447,0.000000086,0.000002008,0.000028707,0.000135000,0.003689399
448,0.000000082,0.000001732,0.000020450,0.000127000,0.003687217
449,0.000000083,0.000001806,0.000022153,0.000127000,0.003700841
450,0.000000096,0.000001754,0.000016785,0.000131000,0.003644596
451,0.000000086,0.000001636,0.000016225,0.000128000,0.003805503
452,0.000000087,0.000002503,0.000017203,0.000138000,0.003777507
453,0.000000082,0.000001658,0.000016655,0.000126000,0.003739216
454,0.000000085,0.000001845,0.000015838,0.000122000,0.003458222
455,0.000000119,0.000001844,0.000017368,0.000133000,0.004018449
456,0.000000096,0.000001873,0.000014440,0.000110000,0.003315446
457,0.000000132,0.000002176,0.000020533,0.000139000,0.003580683
458,0.000000086,0.000001779,0.000014634,0.000111000,0.003163038
459,0.000000072,0.000001663,0.000014667,0.000153000,0.003499675
460,0.000000077,0.000002051,0.000015779,0.000114000,0.003514468
461,0.000000096,0.000001922,0.000015531,0.000120000,0.003571396
462,0.000000082,0.000001851,0.000015576,0.000125000,0.003449217
463,0.000000080,0.000001595,0.000015413,0.000119000,0.003519853
464,0.000000079,0.000001777,0.000014931,0.000122000,0.003557825
465,0.000000086,0.000001549,0.000016925,0.000128000,0.003532238
466,0.000000080,0.000001670,0.000015592,0.000126000,0.003539763
467,0.000000081,0.000001809,0.000015476,0.000123000,0.004921798
468,0.000000079,0.000001794,0.000022602,0.000119000,0.003512269
469,0.000000081,0.000001854,0.000015645,0.000120000,0.003537238
470,0.000000085,0.000001656,0.000015629,0.000119000,0.003577375
471,0.000000081,0.000001866,0.000015934,0.000123000,0.003613013
472,0.000000085,0.000001796,0.000016963,0.000129000,0.003592350
473,0.000000090,0.000001848,0.000016156,0.000124000,0.003620238
474,0.000000077,0.000001841,0.000016157,0.000127000,0.003590212
475,0.000000081,0.000001861,0.000016052,0.000124000,0.003700152
476,0.000000087,0.000001863,0.000015951,0.000124000,0.003659964
477,0.000000080,0.000001874,0.000016407,0.000126000,0.003626014
478,0.000000084,0.000002065,0.000016017,0.000121000,0.003647969
479,0.000000084,0.000001823,0.000016062,0.000124000,0.003565439
480,0.000000091,0.000001789,0.000016073,0.000122000,0.003635016
481,0.000000076,0.000001649,0.000015968,0.000122000,0.003590798
482,0.000000084,0.000001847,0.000016011,0.000124000,0.003589287
483,0.000000097,0.000001834,0.000015803,0.000125000,0.003629504
484,0.000000082,0.000001693,0.000016056,0.000127000,0.003628006
485,0.000000081,0.000001814,0.000016089,0.000121000,0.003528331
486,0.000000079,0.000001695,0.000015455,0.000124000,0.003453500
487,0.000000079,0.000001719,0.000015751,0.000121000,0.003578003
488,0.000000085,0.000001978,0.000016213,0.000159000,0.003618940
489,0.000000085,0.000001664,0.000015443,0.000119000,0.003489643
490,0.000000081,0.000001829,0.000015743,0.000122000,0.004018786
491,0.000000084,0.000001620,0.000016322,0.000125000,0.003643352
492,0.000000082,0.000002062,0.000016747,0.000127000,0.003956761
493,0.000000082,0.000001936,0.000015960,0.000122000,0.003645512
494,0.000000082,0.000001808,0.000016201,0.000127000,0.003674973
495,0.000000084,0.000001726,0.000016372,0.000127000,0.003728568
496,0.000000085,0.000001643,0.000016111,0.000126000,0.003709114
497,0.000000085,0.000001838,0.000016590,0.000132000,0.003882309
498,0.000000083,0.000001744,0.000016919,0.000165000,0.003695409
499,0.000000086,0.000001906,0.000016470,0.000127000,0.003692293
500,0.000000085,0.000001725,0.000016756,0.000129000,0.003732218
501,0.000000087,0.000001869,0.000016442,0.000131000,0.003796952
502,0.000000085,0.000001871,0.000017186,0.000126000,0.004678025
503,0.000000097,0.000001747,0.000016758,0.000125000,0.003718639
504,0.000000146,0.000001828,0.000016632,0.000273000,0.003749056
505,0.000000085,0.000001868,0.000021794,0.000127000,0.003796828
506,0.000000097,0.000001915,0.000016916,0.000128000,0.003776782
507,0.000000087,0.000001904,0.000016463,0.000134000,0.003820423
508,0.000000080,0.000001885,0.000016454,0.000129000,0.003735603
509,0.000000089,0.000001706,0.000016516,0.000130000,0.003806520
510,0.000000090,0.000001732,0.000016450,0.000137000,0.003843764
511,0.000000082,0.000001848,0.000015410,0.000116000,0.003422687
512,0.000000079,0.000001808,0.000016126,0.000126000,0.003457409
513,0.000000083,0.000001681,0.000015633,0.000120000,0.003677170
514,0.000000091,0.000002381,0.000017081,0.000146000,0.004010525
515,0.000000089,0.000001841,0.000017242,0.000132000,0.003941060
516,0.000000091,0.000001759,0.000015979,0.000125000,0.003773724
517,0.000000082,0.000001823,0.000016920,0.000128000,0.003789434
518,0.000000084,0.000001707,0.000021411,0.000123000,0.003977404
519,0.000000094,0.000001787,0.000016529,0.000136000,0.003804869
520,0.000000085,0.000002005,0.000016811,0.000128000,0.003706427
521,0.000000086,0.000002203,0.000021442,0.000123000,0.003769085
522,0.000000086,0.000001847,0.000016635,0.000130000,0.003732491
523,0.000000120,0.000001951,0.000017272,0.000128000,0.003730149
524,0.000000091,0.000001935,0.000016484,0.000124000,0.003670230
525,0.000000086,0.000001913,0.000016183,0.000129000,0.003781280
526,0.000000086,0.000001845,0.000016222,0.000125000,0.003727604
527,0.000000104,0.000001679,0.000016215,0.000130000,0.003682979
528,0.000000083,0.000001844,0.000016839,0.000131000,0.004158988
529,0.000000094,0.000001818,0.000018186,0.000130000,0.003710326
530,0.000000088,0.000001863,0.000016171,0.000127000,0.004527661
531,0.000000089,0.000001844,0.000023601,0.000130000,0.003878998
532,0.000000084,0.000001851,0.000016628,0.000129000,0.003664030
533,0.000000093,0.000001850,0.000017211,0.000219000,0.003700094
534,0.000000072,0.000001724,0.000015512,0.000127000,0.003550943
535,0.000000085,0.000001884,0.000017147,0.000132000,0.003814888
536,0.000000084,0.000001857,0.000016937,0.000132000,0.003813654
537,0.000000086,0.000001852,0.000017081,0.000129000,0.003771306
538,0.000000085,0.000001801,0.000016614,0.000130000,0.003771078
539,0.000000080,0.000001762,0.000016302,0.000129000,0.003728980
540,0.000000081,0.000001800,0.000017189,0.000131000,0.003815043
541,0.000000084,0.000001623,0.000017992,0.000126000,0.003676135
542,0.000000092,0.000001830,0.000016345,0.000128000,0.003678667
543,0.000000083,0.000001941,0.000016483,0.000128000,0.003775778
544,0.000000102,0.000001931,0.000017074,0.000130000,0.003830381
545,0.000000097,0.000001906,0.000016892,0.000130000,0.003805720
546,0.000000085,0.000001831,0.000016203,0.000125000,0.003940314
547,0.000000084,0.000001881,0.000016771,0.000150000,0.003671871
548,0.000000080,0.000001863,0.000015731,0.000122000,0.003772552
549,0.000000081,0.000002090,0.000018017,0.000131000,0.003968510
550,0.000000098,0.000001791,0.000016707,0.000131000,0.004077002
551,0.000000091,0.000001913,0.000016735,0.000129000,0.003662637
552,0.000000093,0.000001743,0.000015918,0.000126000,0.003730282
553,0.000000084,0.000001826,0.000016096,0.000128000,0.003664395
554,0.000000085,0.000001753,0.000017294,0.000128000,0.003704851
555,0.000000098,0.000001851,0.000016793,0.000133000,0.004018797
556,0.000000100,0.000001674,0.000016481,0.000131000,0.003953586
557,0.000000084,0.000001660,0.000016805,0.000130000,0.003840936
558,0.000000090,0.000001932,0.000017244,0.000129000,0.003716569
559,0.000000090,0.000001738,0.000016100,0.000128000,0.004099032
560,0.000000090,0.000001963,0.000017025,0.000134000,0.003896237
561,0.000000081,0.000001818,0.000016280,0.000120000,0.003231826
562,0.000000070,0.000001560,0.000020371,0.000103000,0.003380345
563,0.000000078,0.000001559,0.000015959,0.000110000,0.003349176
564,0.000000078,0.000001681,0.000014968,0.000118000,0.003447907
565,0.000000078,0.000001731,0.000015320,0.000116000,0.003455097
566,0.000000077,0.000001702,0.000015466,0.000119000,0.003513208
567,0.000000081,0.000001807,0.000015639,0.000120000,0.003469861
568,0.000000077,0.000001690,0.000015673,0.000121000,0.003504246
569,0.000000080,0.000001701,0.000015570,0.000134000,0.003602357
570,0.000000099,0.000001833,0.000016183,0.000121000,0.003651001
571,0.000000082,0.000001890,0.000016115,0.000123000,0.003527622
572,0.000000078,0.000001735,0.000015962,0.000122000,0.003776854
573,0.000000082,0.000001779,0.000016161,0.000124000,0.003921469
574,0.000000080,0.000001801,0.000015710,0.000118000,0.003555905
575,0.000000078,0.000001750,0.000015875,0.000127000,0.003654827
576,0.000000091,0.000001722,0.000016275,0.000121000,0.003645972
577,0.000000080,0.000002078,0.000016267,0.000127000,0.003658578
578,0.000000081,0.000001902,0.000016422,0.000126000,0.003689585
579,0.000000087,0.000001714,0.000015966,0.000123000,0.003570463
580,0.000000083,0.000001921,0.000016338,0.000124000,0.003687224
581,0.000000082,0.000001835,0.000015900,0.000129000,0.003664508
582,0.000000088,0.000002028,0.000016487,0.000129000,0.003661558
583,0.000000083,0.000001818,0.000015699,0.000124000,0.003585754
584,0.000000125,0.000001707,0.000016184,0.000122000,0.003602398
585,0.000000091,0.000001681,0.000016816,0.000127000,0.003869391
586,0.000000085,0.000001681,0.000016352,0.000127000,0.003649624
587,0.000000082,0.000001830,0.000016520,0.000130000,0.003640186
588,0.000000101,0.000001929,0.000016694,0.000124000,0.003600840
589,0.000000087,0.000001770,0.000015746,0.000122000,0.003583263
590,0.000000080,0.000001819,0.000016504,0.000125000,0.003872681
591,0.000000083,0.000002037,0.000016116,0.000124000,0.003675126
592,0.000000086,0.000001803,0.000016200,0.000123000,0.003599471
593,0.000000086,0.000001819,0.000016649,0.000127000,0.003680189
594,0.000000086,0.000001826,0.000016625,0.000127000,0.003838317
595,0.000000095,0.000001739,0.000016970,0.000126000,0.003716067
596,0.000000090,0.000001709,0.000016220,0.000133000,0.003931654
597,0.000000087,0.000001948,0.000016075,0.000122000,0.003693971
598,0.000000122,0.000001924,0.000016332,0.000125000,0.003838512
599,0.000000087,0.000001784,0.000022205,0.000139000,0.003684962
600,0.000000089,0.000001600,0.000016267,0.000125000,0.003768891
601,0.000000085,0.000001814,0.000016522,0.000137000,0.003896936
602,0.000000088,0.000002060,0.000016444,0.000127000,0.003664295
603,0.000000112,0.000001703,0.000016611,0.000125000,0.003717324
604,0.000000085,0.000002021,0.000017170,0.000137000,0.003861055
605,0.000000084,0.000001865,0.000016090,0.000128000,0.003761970
606,0.000000080,0.000001842,0.000014668,0.000110000,0.003257085
607,0.000000077,0.000001931,0.000015269,0.000117000,0.003356732
608,0.000000082,0.000001860,0.000015323,0.000117000,0.003749918
609,0.000000088,0.000001974,0.000017677,0.000133000,0.003996203
610,0.000000085,0.000001877,0.000015930,0.000126000,0.003697803
611,0.000000084,0.000002113,0.000016809,0.000131000,0.003780695
612,0.000000084,0.000001799,0.000016421,0.000129000,0.003895774
613,0.000000112,0.000001785,0.000016119,0.000128000,0.003683313
614,0.000000085,0.000001867,0.000016541,0.000130000,0.004065240
615,0.000000085,0.000001931,0.000016744,0.000135000,0.003715327
616,0.000000085,0.000001924,0.000016024,0.000124000,0.003721968
617,0.000000085,0.000001836,0.000016242,0.000129000,0.003994901
618,0.000000084,0.000001870,0.000016631,0.000131000,0.003631705
619,0.000000085,0.000001901,0.000016778,0.000126000,0.003778906
620,0.000000086,0.000001684,0.000017029,0.000131000,0.003862102
621,0.000000094,0.000002032,0.000017389,0.000135000,0.003754757
622,0.000000086,0.000002015,0.000017353,0.000130000,0.003703158
623,0.000000084,0.000001934,0.000016581,0.000128000,0.003618645
624,0.000000087,0.000001879,0.000017635,0.000128000,0.003692749
625,0.000000083,0.000001900,0.000016613,0.000127000,0.003824673
626,0.000000086,0.000001865,0.000016890,0.000132000,0.003771029
627,0.000000095,0.000001802,0.000016393,0.000125000,0.003752675
628,0.000000083,0.000001852,0.000016516,0.000133000,0.003669204
629,0.000000088,0.000001717,0.000015861,0.000123000,0.003547212
630,0.000000077,0.000002009,0.000017628,0.000140000,0.004041304
631,0.000000093,0.000001867,0.000017396,0.000133000,0.003860424
632,0.000000085,0.000001945,0.000018151,0.000128000,0.003757706
633,0.000000085,0.000001902,0.000016742,0.000130000,0.003743826
634,0.000000087,0.000002098,0.000016519,0.000129000,0.003817532
635,0.000000086,0.000001913,0.000017304,0.000128000,0.003802480
636,0.000000087,0.000002308,0.000017344,0.000137000,0.004217966
637,0.000000091,0.000001973,0.000016788,0.000129000,0.003794037
638,0.000000087,0.000001944,0.000016952,0.000128000,0.004258520
639,0.000000100,0.000001839,0.000016556,0.000135000,0.003991880
640,0.000000085,0.000002257,0.000017647,0.000137000,0.004044838
641,0.000000083,0.000002037,0.000017081,0.000130000,0.003832867
642,0.000000088,0.000001962,0.000016582,0.000131000,0.003786402
643,0.000000085,0.000001729,0.000015661,0.000122000,0.003539231
644,0.000000088,0.000001865,0.000022961,0.000198000,0.003985316
645,0.000000088,0.000002687,0.000017294,0.000172000,0.005690143
646,0.000000088,0.000001960,0.000026769,0.000144000,0.003780246
647,0.000000092,0.000002042,0.000030370,0.000171000,0.006829012
648,0.000000098,0.000002371,0.000019015,0.000149000,0.004393114
649,0.000000103,0.000002163,0.000020586,0.000160000,0.004667490
650,0.000000109,0.000003027,0.000021453,0.000166000,0.005018428
651,0.000000116,0.000002452,0.000021858,0.000175000,0.005011408
652,0.000000108,0.000002475,0.000021652,0.000169000,0.004742762
653,0.000000107,0.000002535,0.000021764,0.000185000,0.004781068
654,0.000000112,0.000003767,0.000040646,0.000170000,0.006101721
655,0.000000099,0.000002268,0.000019808,0.000148000,0.004107784
656,0.000000092,0.000001982,0.000018914,0.000146000,0.004001400
657,0.000000094,0.000001919,0.000017921,0.000177000,0.003873872
658,0.000000094,0.000001941,0.000016854,0.000132000,0.003833511
659,0.000000080,0.000001789,0.000016678,0.000130000,0.003678136
660,0.000000083,0.000001967,0.000016334,0.000127000,0.003714625
661,0.000000084,0.000001832,0.000016412,0.000126000,0.003812907
662,0.000000083,0.000001828,0.000017195,0.000125000,0.003688681
663,0.000000085,0.000001742,0.000015856,0.000123000,0.003581539
664,0.000000082,0.000001697,0.000016550,0.000133000,0.003704168
665,0.000000086,0.000001863,0.000016743,0.000125000,0.003639787
666,0.000000084,0.000001945,0.000016018,0.000123000,0.003597532
667,0.000000084,0.000001636,0.000016167,0.000123000,0.003666612
668,0.000000082,0.000001742,0.000015919,0.000122000,0.003602045
669,0.000000085,0.000001671,0.000015972,0.000124000,0.004064909
670,0.000000082,0.000001553,0.000018892,0.000122000,0.003958963
671,0.000000083,0.000001734,0.000016260,0.000125000,0.003599533
672,0.000000082,0.000001968,0.000016179,0.000125000,0.003658652
673,0.000000080,0.000001730,0.000015959,0.000123000,0.003554435
674,0.000000082,0.000001684,0.000016652,0.000128000,0.003715235
675,0.000000083,0.000001793,0.000015627,0.000125000,0.003576281
676,0.000000081,0.000001913,0.000016392,0.000123000,0.003828297
677,0.000000085,0.000002015,0.000016927,0.000130000,0.003623545
678,0.000000085,0.000001985,0.000016459,0.000123000,0.003601930
679,0.000000084,0.000001771,0.000017136,0.000125000,0.003651811
680,0.000000085,0.000001974,0.000019638,0.000124000,0.003565868
681,0.000000087,0.000001897,0.000016044,0.000126000,0.003565554
682,0.000000083,0.000001839,0.000016998,0.000122000,0.003602072
683,0.000000087,0.000001894,0.000016328,0.000125000,0.003686980
684,0.000000087,0.000001762,0.000016172,0.000127000,0.003650514
685,0.000000093,0.000001772,0.000016267,0.000127000,0.003749990
686,0.000000091,0.000002269,0.000016072,0.000125000,0.003652564
687,0.000000084,0.000002087,0.000016429,0.000133000,0.003569262
688,0.000000081,0.000001900,0.000015891,0.000127000,0.003684516
689,0.000000088,0.000001929,0.000016092,0.000123000,0.003603741
690,0.000000082,0.000001856,0.000015561,0.000124000,0.003512407
691,0.000000082,0.000001860,0.000015862,0.000124000,0.003601333
692,0.000000082,0.000001829,0.000016590,0.000127000,0.003603568
693,0.000000081,0.000001834,0.000016500,0.000123000,0.003599311
694,0.000000084,0.000001886,0.000015824,0.000121000,0.003880478
695,0.000000084,0.000008472,0.000015792,0.000133000,0.003567965
696,0.000000081,0.000001732,0.000022750,0.000121000,0.003611066
697,0.000000085,0.000001927,0.000015923,0.000126000,0.003599437
698,0.000000081,0.000001793,0.000015962,0.000121000,0.003590080
699,0.000000081,0.000001755,0.000015867,0.000121000,0.003592547
700,0.000000085,0.000001813,0.000016289,0.000124000,0.003576493
701,0.000000084,0.000002320,0.000015961,0.000122000,0.003877543
702,0.000000082,0.000002081,0.000016367,0.000124000,0.003514893
703,0.000000081,0.000001994,0.000015956,0.000126000,0.004107669
704,0.000000082,0.000001772,0.000016115,0.000128000,0.003729818
705,0.000000081,0.000001855,0.000016422,0.000147000,0.003570418
706,0.000000081,0.000001780,0.000017485,0.000124000,0.003645992
707,0.000000093,0.000001948,0.000016249,0.000124000,0.003601598
708,0.000000082,0.000001858,0.000015986,0.000202000,0.003540366
709,0.000000083,0.000001774,0.000015999,0.000123000,0.003556892
710,0.000000081,0.000001952,0.000016701,0.000127000,0.003717392
711,0.000000082,0.000001929,0.000015850,0.000123000,0.003569266
712,0.000000081,0.000001786,0.000016528,0.000126000,0.003579222
713,0.000000085,0.000001805,0.000027271,0.000128000,0.003606309
714,0.000000081,0.000001949,0.000018842,0.000130000,0.004056236
715,0.000000104,0.000001784,0.000015720,0.000122000,0.003579334
716,0.000000099,0.000001755,0.000015653,0.000131000,0.004136728
717,0.000000082,0.000001794,0.000016139,0.000127000,0.003588598
718,0.000000096,0.000001723,0.000015783,0.000125000,0.003613867
719,0.000000089,0.000001844,0.000015948,0.000123000,0.003519230
720,0.000000085,0.000001814,0.000016340,0.000123000,0.003579208
721,0.000000085,0.000001869,0.000022756,0.000121000,0.003564351
722,0.000000086,0.000001802,0.000016230,0.000122000,0.003573134
723,0.000000078,0.000001736,0.000015870,0.000124000,0.003532915
724,0.000000081,0.000001703,0.000015738,0.000121000,0.003730431
725,0.000000078,0.000001942,0.000016363,0.000122000,0.003544934
726,0.000000084,0.000001765,0.000019906,0.000127000,0.003597982
727,0.000000087,0.000001750,0.000019278,0.000124000,0.004199796
728,0.000000082,0.000001996,0.000015941,0.000122000,0.003649034
729,0.000000085,0.000001836,0.000016178,0.000134000,0.003618586
730,0.000000100,0.000001834,0.000022738,0.000124000,0.003606534
731,0.000000083,0.000001906,0.000017404,0.000125000,0.004817941
732,0.000000087,0.000001990,0.000017481,0.000131000,0.003763643
733,0.000000093,0.000001928,0.000017254,0.000177000,0.003848762
734,0.000000090,0.000001958,0.000024889,0.000135000,0.004065060
735,0.000000103,0.000001934,0.000016873,0.000126000,0.004007847
736,0.000000120,0.000001994,0.000016824,0.000132000,0.004153753
737,0.000000088,0.000002117,0.000017436,0.000133000,0.004075949
738,0.000000098,0.000001844,0.000017684,0.000133000,0.004042533
739,0.000000088,0.000002035,0.000017490,0.000132000,0.003586150
740,0.000000087,0.000001807,0.000015879,0.000133000,0.004039109
741,0.000000105,0.000001915,0.000017816,0.000136000,0.004058388
742,0.000000091,0.000001989,0.000020390,0.000130000,0.003926199
743,0.000000088,0.000001984,0.000017464,0.000129000,0.003780611
744,0.000000085,0.000001665,0.000016604,0.000128000,0.003790023
745,0.000000087,0.000001914,0.000016774,0.000130000,0.003786240
746,0.000000086,0.000002123,0.000017047,0.000133000,0.003843961
747,0.000000095,0.000002031,0.000016781,0.000131000,0.003766243
748,0.000000086,0.000001912,0.000017434,0.000134000,0.003892058
749,0.000000096,0.000001904,0.000017815,0.000128000,0.003761794
750,0.000000089,0.000001841,0.000017001,0.000131000,0.003773363
751,0.000000085,0.000001889,0.000016844,0.000133000,0.003704611
752,0.000000084,0.000002199,0.000017288,0.000129000,0.003786212
753,0.000000086,0.000001905,0.000016191,0.000124000,0.003942175
754,0.000000086,0.000001976,0.000016518,0.000129000,0.003925754
755,0.000000093,0.000001954,0.000026722,0.000137000,0.003905694
756,0.000000087,0.000001910,0.000017241,0.000129000,0.004016545
757,0.000000099,0.000001911,0.000017284,0.000133000,0.003885614
758,0.000000094,0.000001931,0.000017330,0.000130000,0.003770990
759,0.000000113,0.000001893,0.000016720,0.000133000,0.003979008
760,0.000000086,0.000001824,0.000017189,0.000129000,0.003820137
761,0.000000089,0.000001891,0.000017663,0.000144000,0.003909416
762,0.000000088,0.000001875,0.000016966,0.000133000,0.004178713
763,0.000000086,0.000002475,0.000016587,0.000129000,0.003766158
764,0.000000086,0.000001938,0.000017317,0.000223000,0.003793419
765,0.000000094,0.000001920,0.000017103,0.000133000,0.004137196
766,0.000000102,0.000001809,0.000017226,0.000133000,0.003821851
767,0.000000092,0.000001844,0.000017261,0.000134000,0.003881508
768,0.000000084,0.000001673,0.000017410,0.000145000,0.003915002
769,0.000000088,0.000001851,0.000016770,0.000130000,0.003789636
770,0.000000085,0.000001766,0.000017067,0.000130000,0.003858847
771,0.000000100,0.000001857,0.000016346,0.000128000,0.003762133
772,0.000000082,0.000001857,0.000016063,0.000128000,0.003688728
773,0.000000085,0.000001840,0.000017208,0.000132000,0.003776822
774,0.000000087,0.000002029,0.000017097,0.000131000,0.003779995
775,0.000000087,0.000001994,0.000016629,0.000130000,0.003734387
776,0.000000085,0.000001784,0.000016663,0.000127000,0.003680722
777,0.000000087,0.000001868,0.000016320,0.000128000,0.003767148
778,0.000000083,0.000001816,0.000016525,0.000127000,0.003778240
779,0.000000090,0.000001964,0.000017167,0.000133000,0.003902393
780,0.000000087,0.000001910,0.000016927,0.000125000,0.003710185
781,0.000000089,0.000001917,0.000017190,0.000140000,0.004237663
782,0.000000087,0.000001913,0.000015963,0.000133000,0.003865779
783,0.000000115,0.000001804,0.000017269,0.000138000,0.003808152
784,0.000000088,0.000001932,0.000016850,0.000134000,0.003845670
785,0.000000086,0.000002154,0.000016687,0.000128000,0.003811290
786,0.000000143,0.000001771,0.000020485,0.000129000,0.003878012
787,0.000000084,0.000001863,0.000017560,0.000203000,0.003797987
788,0.000000082,0.000001901,0.000017096,0.000142000,0.003779290
789,0.000000085,0.000002210,0.000017568,0.000137000,0.003917537
790,0.000000087,0.000001875,0.000018940,0.000131000,0.003734200
791,0.000000080,0.000001706,0.000014398,0.000108000,0.003232761
792,0.000000076,0.000002366,0.000016781,0.000133000,0.003721054
793,0.000000114,0.000001758,0.000016176,0.000114000,0.003322027
794,0.000000091,0.000001796,0.000016351,0.000127000,0.003692038
795,0.000000083,0.000002056,0.000016073,0.000126000,0.003722560
796,0.000000091,0.000001938,0.000016733,0.000132000,0.003780962
797,0.000000101,0.000001967,0.000016797,0.000136000,0.004111747
798,0.000000084,0.000001798,0.000015388,0.000113000,0.003341430
799,0.000000086,0.000001928,0.000021489,0.000116000,0.003399984
800,0.000000081,0.000001752,0.000016889,0.000124000,0.003479125
801,0.000000085,0.000001930,0.000015029,0.000115000,0.003098587
802,0.000000074,0.000001674,0.000015120,0.000116000,0.003635829
803,0.000000090,0.000001883,0.000017431,0.000133000,0.003881965
804,0.000000092,0.000002264,0.000016865,0.000129000,0.003792905
805,0.000000100,0.000002425,0.000016862,0.000131000,0.003965879
806,0.000000087,0.000001901,0.000016819,0.000128000,0.003659802
807,0.000000086,0.000001878,0.000016932,0.000131000,0.003790050
808,0.000000086,0.000001764,0.000017594,0.000135000,0.003777671
809,0.000000087,0.000001829,0.000020190,0.000128000,0.003773461
810,0.000000115,0.000001771,0.000016771,0.000127000,0.003746515
811,0.000000086,0.000001715,0.000016215,0.000130000,0.003698197
812,0.000000084,0.000001820,0.000016961,0.000125000,0.003668821
813,0.000000072,0.000001726,0.000014736,0.000153000,0.003576324
814,0.000000087,0.000001878,0.000017094,0.000135000,0.003970928
815,0.000000086,0.000001726,0.000016596,0.000125000,0.003701663
816,0.000000084,0.000001807,0.000019348,0.000127000,0.003714320
817,0.000000088,0.000001754,0.000017084,0.000129000,0.003789290
818,0.000000088,0.000001691,0.000016601,0.000131000,0.003775799
819,0.000000087,0.000001809,0.000016248,0.000126000,0.003791368
820,0.000000106,0.000002079,0.000016656,0.000138000,0.003917572
821,0.000000091,0.000001899,0.000016867,0.000133000,0.003777487
822,0.000000089,0.000001908,0.000017276,0.000135000,0.003884198
823,0.000000085,0.000001957,0.000017323,0.000130000,0.003772198
824,0.000000092,0.000001938,0.000016692,0.000128000,0.003929771
825,0.000000112,0.000001909,0.000017040,0.000126000,0.003655502
826,0.000000082,0.000001880,0.000015799,0.000121000,0.004207062
827,0.000000091,0.000002063,0.000018035,0.000138000,0.003973176
828,0.000000088,0.000002122,0.000017536,0.000136000,0.003856295
829,0.000000086,0.000001989,0.000017003,0.000132000,0.003810182
830,0.000000088,0.000001799,0.000017092,0.000134000,0.003909480
831,0.000000099,0.000002020,0.000017236,0.000132000,0.003815033
832,0.000000088,0.000001919,0.000016769,0.000130000,0.003808235
833,0.000000086,0.000001855,0.000017268,0.000133000,0.003868327
834,0.000000114,0.000001886,0.000016304,0.000129000,0.003944573
835,0.000000092,0.000009725,0.000016719,0.000132000,0.003884155
836,0.000000089,0.000002007,0.000017006,0.000131000,0.003930599
837,0.000000089,0.000001977,0.000017158,0.000132000,0.003805170
838,0.000000085,0.000001909,0.000017615,0.000136000,0.003964867
839,0.000000092,0.000001936,0.000017369,0.000131000,0.004133404
840,0.000000085,0.000001899,0.000016396,0.000129000,0.003594256
841,0.000000098,0.000001923,0.000018956,0.000138000,0.004022652
842,0.000000092,0.000001836,0.000016936,0.000133000,0.004031354
843,0.000000091,0.000001976,0.000016529,0.000128000,0.004230730
844,0.000000085,0.000001829,0.000017319,0.000129000,0.003975922
845,0.000000091,0.000001923,0.000017198,0.000132000,0.003921215
846,0.000000095,0.000001916,0.000017236,0.000133000,0.003942344
847,0.000000088,0.000001929,0.000017258,0.000139000,0.004064150
848,0.000000084,0.000001955,0.000017480,0.000139000,0.003821396
849,0.000000097,0.000001830,0.000016553,0.000131000,0.003836916
850,0.000000095,0.000001930,0.000018132,0.000130000,0.003989084
851,0.000000087,0.000001988,0.000017201,0.000129000,0.003759835
852,0.000000091,0.000001862,0.000017246,0.000133000,0.004042825
853,0.000000087,0.000001840,0.000016896,0.000131000,0.003714248
854,0.000000083,0.000002627,0.000015216,0.000120000,0.003553306
855,0.000000103,0.000001771,0.000016103,0.000130000,0.003885076
856,0.000000090,0.000001891,0.000019817,0.000134000,0.003823225
857,0.000000088,0.000001932,0.000016358,0.000129000,0.003682832
858,0.000000100,0.000001824,0.000018589,0.000131000,0.004209496
859,0.000000087,0.000001914,0.000017952,0.000134000,0.003919361
860,0.000000086,0.000001808,0.000016907,0.000127000,0.004131710
861,0.000000088,0.000001909,0.000016789,0.000130000,0.003825412
862,0.000000090,0.000001852,0.000017568,0.000135000,0.003774306
863,0.000000088,0.000001891,0.000016505,0.000130000,0.003876471
864,0.000000090,0.000001917,0.000017162,0.000132000,0.003805246
865,0.000000090,0.000001700,0.000023680,0.000133000,0.003783480
866,0.000000089,0.000002033,0.000017119,0.000129000,0.003993254
867,0.000000088,0.000001976,0.000017010,0.000129000,0.003879365
868,0.000000084,0.000001784,0.000017059,0.000128000,0.003750477
869,0.000000093,0.000001969,0.000016744,0.000156000,0.003878853
870,0.000000100,0.000002007,0.000016321,0.000128000,0.003906688
871,0.000000107,0.000002068,0.000017215,0.000129000,0.003824359
872,0.000000086,0.000001867,0.000016216,0.000124000,0.003627633
873,0.000000079,0.000001740,0.000017030,0.000130000,0.003783417
874,0.000000086,0.000001741,0.000016530,0.000129000,0.003778060
875,0.000000083,0.000001869,0.000016888,0.000127000,0.003700245
876,0.000000084,0.000001918,0.000016796,0.000130000,0.003725422
877,0.000000084,0.000001800,0.000018275,0.000125000,0.003819231
878,0.000000094,0.000001813,0.000016713,0.000134000,0.003827641
879,0.000000093,0.000001823,0.000016567,0.000129000,0.003695995
880,0.000000085,0.000002099,0.000016398,0.000134000,0.003647939
881,0.000000087,0.000002007,0.000016978,0.000132000,0.003684043
882,0.000000087,0.000001804,0.000016053,0.000123000,0.003812502
883,0.000000084,0.000001793,0.000016899,0.000130000,0.003851258
884,0.000000092,0.000002018,0.000016502,0.000123000,0.004448921
885,0.000000086,0.000002705,0.000017052,0.000132000,0.003805733
886,0.000000085,0.000001969,0.000016899,0.000125000,0.003903686
887,0.000000098,0.000001886,0.000016183,0.000127000,0.004057266
888,0.000000084,0.000001948,0.000017291,0.000125000,0.003776663
889,0.000000116,0.000001997,0.000016649,0.000135000,0.003986223
890,0.000000086,0.000001950,0.000016683,0.000139000,0.003753406
891,0.000000103,0.000001688,0.000016637,0.000164000,0.004036627
892,0.000000090,0.000001961,0.000016704,0.000130000,0.003765445
893,0.000000094,0.000001743,0.000015933,0.000124000,0.003771933
894,0.000000097,0.000001925,0.000017010,0.000128000,0.003775531
895,0.000000085,0.000001735,0.000017201,0.000131000,0.003853522
896,0.000000097,0.000001912,0.000017434,0.000129000,0.003796013
897,0.000000136,0.000001829,0.000017165,0.000127000,0.003901935
898,0.000000084,0.000001805,0.000016194,0.000128000,0.004388866
899,0.000000084,0.000001814,0.000028762,0.000134000,0.003755274
900,0.000000082,0.000001823,0.000017107,0.000132000,0.003700757
901,0.000000084,0.000002103,0.000021015,0.000125000,0.003749080
902,0.000000082,0.000001858,0.000015829,0.000120000,0.003274816
903,0.000000079,0.000001780,0.000014622,0.000109000,0.003146242
904,0.000000081,0.000001839,0.000015192,0.000118000,0.003692326
905,0.000000091,0.000001688,0.000016598,0.000132000,0.003975160
906,0.000000088,0.000001887,0.000017585,0.000134000,0.003994801
907,0.000000077,0.000002058,0.000017444,0.000138000,0.004240032
908,0.000000102,0.000001851,0.000017029,0.000130000,0.004185186
909,0.000000088,0.000002562,0.000016921,0.000131000,0.003921914
910,0.000000083,0.000001972,0.000017472,0.000129000,0.003745759
911,0.000000129,0.000002092,0.000018032,0.000130000,0.003976828
912,0.000000090,0.000001990,0.000016741,0.000125000,0.003711957
913,0.000000081,0.000001783,0.000016204,0.000129000,0.003755444
914,0.000000087,0.000001916,0.000017141,0.000127000,0.003931183
915,0.000000093,0.000001924,0.000017079,0.000134000,0.003877582
916,0.000000111,0.000001963,0.000016562,0.000127000,0.004039538
917,0.000000089,0.000001872,0.000017339,0.000132000,0.004012124
918,0.000000091,0.000002024,0.000016781,0.000129000,0.004269931
919,0.000000094,0.000001692,0.000016706,0.000131000,0.004240566
920,0.000000082,0.000001941,0.000016737,0.000129000,0.003971026
921,0.000000089,0.000001943,0.000017040,0.000132000,0.003919390
922,0.000000089,0.000002071,0.000017157,0.000128000,0.003927860
923,0.000000088,0.000001933,0.000018078,0.000141000,0.003925734
924,0.000000089,0.000001847,0.000018066,0.000130000,0.003876881
925,0.000000086,0.000002039,0.000024282,0.000137000,0.004037209
926,0.000000100,0.000001744,0.000018012,0.000134000,0.003888479
927,0.000000085,0.000001836,0.000016276,0.000126000,0.003598960
928,0.000000083,0.000001891,0.000017544,0.000136000,0.004040208
929,0.000000091,0.000002131,0.000018463,0.000142000,0.003965951
930,0.000000091,0.000001934,0.000017835,0.000144000,0.004244036
931,0.000000095,0.000001902,0.000017682,0.000133000,0.003905011
932,0.000000090,0.000001975,0.000017620,0.000136000,0.003998868
933,0.000000100,0.000001937,0.000017275,0.000134000,0.003866374
934,0.000000085,0.000001964,0.000017122,0.000132000,0.004030045
935,0.000000110,0.000001969,0.000016356,0.000128000,0.003770716
936,0.000000086,0.000001703,0.000017291,0.000142000,0.003889187
937,0.000000086,0.000001901,0.000017269,0.000129000,0.003976581
938,0.000000088,0.000001975,0.000017050,0.000128000,0.003927829
939,0.000000088,0.000001817,0.000017086,0.000131000,0.003769381
940,0.000000090,0.000002021,0.000021297,0.000135000,0.003776312
941,0.000000092,0.000001949,0.000017114,0.000133000,0.003711033
942,0.000000081,0.000001811,0.000016028,0.000119000,0.003519681
943,0.000000081,0.000001991,0.000016964,0.000134000,0.004073386
944,0.000000094,0.000001695,0.000016500,0.000132000,0.003826447
945,0.000000089,0.000001841,0.000023586,0.000131000,0.003789544
946,0.000000085,0.000002436,0.000017078,0.000129000,0.003833647
947,0.000000098,0.000001903,0.000016647,0.000131000,0.004142838
948,0.000000089,0.000001877,0.000016847,0.000129000,0.003744094
949,0.000000084,0.000001713,0.000017063,0.000157000,0.003752596
950,0.000000087,0.000002168,0.000017958,0.000131000,0.004863267
951,0.000000088,0.000001879,0.000017570,0.000136000,0.003929719
952,0.000000086,0.000001892,0.000016826,0.000127000,0.003804923
953,0.000000090,0.000002189,0.000016706,0.000133000,0.003966516
954,0.000000123,0.000002083,0.000017152,0.000133000,0.003886585
955,0.000000090,0.000001706,0.000016073,0.000125000,0.003688080
956,0.000000088,0.000001751,0.000017233,0.000132000,0.003904008
957,0.000000088,0.000001962,0.000017516,0.000138000,0.003956432
958,0.000000092,0.000001833,0.000016929,0.000130000,0.003705225
959,0.000000087,0.000002184,0.000017195,0.000132000,0.003820477
960,0.000000093,0.000001708,0.000016835,0.000143000,0.003793081
961,0.000000085,0.000001918,0.000016874,0.000132000,0.005376915
962,0.000000090,0.000002073,0.000017438,0.000137000,0.003748506
963,0.000000084,0.000001850,0.000016684,0.000129000,0.003822882
964,0.000000089,0.000001922,0.000023943,0.000130000,0.003784092
965,0.000000085,0.000001951,0.000016749,0.000134000,0.003850238
966,0.000000086,0.000001875,0.000016787,0.000135000,0.003782284
967,0.000000094,0.000002153,0.000017109,0.000130000,0.003752349
968,0.000000088,0.000001887,0.000017241,0.000130000,0.003957284
969,0.000000085,0.000001944,0.000017078,0.000143000,0.003967436
970,0.000000089,0.000001913,0.000020206,0.000131000,0.003854209
971,0.000000092,0.000001870,0.000016784,0.000129000,0.003844049
972,0.000000086,0.000001905,0.000016704,0.000133000,0.003859440
973,0.000000113,0.000001878,0.000016070,0.000124000,0.003599195
974,0.000000084,0.000001882,0.000017192,0.000131000,0.004166413
975,0.000000092,0.000001790,0.000017560,0.000133000,0.003825867
976,0.000000095,0.000002026,0.000025105,0.000132000,0.004544873
977,0.000000088,0.000001885,0.000017338,0.000133000,0.003782178
978,0.000000086,0.000002121,0.000016656,0.000133000,0.003777307
979,0.000000087,0.000002079,0.000016798,0.000127000,0.003757989
980,0.000000083,0.000001768,0.000016634,0.000141000,0.003899338
981,0.000000091,0.000001886,0.000017617,0.000138000,0.003838408
982,0.000000113,0.000001835,0.000016285,0.000125000,0.003950093
983,0.000000110,0.000001857,0.000017042,0.000124000,0.003936541
984,0.000000086,0.000001807,0.000016776,0.000133000,0.005177786
985,0.000000089,0.000001707,0.000016609,0.000130000,0.004019224
986,0.000000085,0.000001835,0.000016386,0.000126000,0.003741908
987,0.000000086,0.000001945,0.000017284,0.000127000,0.003813884
988,0.000000088,0.000001929,0.000016927,0.000132000,0.003798223
989,0.000000088,0.000001918,0.000016848,0.000124000,0.003666844
990,0.000000095,0.000001805,0.000016966,0.000138000,0.003755525
991,0.000000090,0.000001921,0.000016754,0.000129000,0.003741507
992,0.000000084,0.000001925,0.000016311,0.000125000,0.003718325
993,0.000000090,0.000001815,0.000016162,0.000168000,0.003913800
994,0.000000083,0.000001830,0.000017229,0.000124000,0.003901895
995,0.000000086,0.000001790,0.000017447,0.000131000,0.003851181
996,0.000000083,0.000001801,0.000016462,0.000124000,0.004279735
997,0.000000112,0.000001859,0.000017093,0.000145000,0.003801116
998,0.000000096,0.000001915,0.000016701,0.000130000,0.003766893
999,0.000000087,0.000001850,0.000016412,0.000135000,0.003732672
1000,0.000000084,0.000001818,0.000017030,0.000126000,0.004001395
1001,0.000000087,0.000001795,0.000016555,0.000130000,0.003909274
1002,0.000000081,0.000002013,0.000016322,0.000127000,0.003445043
1003,0.000000075,0.000001691,0.000014077,0.000107000,0.003263645
1004,0.000000073,0.000001721,0.000015323,0.000125000,0.003832444
1005,0.000000091,0.000001996,0.000017023,0.000132000,0.003964665
1006,0.000000094,0.000002100,0.000017618,0.000137000,0.004163005
1007,0.000000092,0.000002273,0.000017264,0.000132000,0.003861492
1008,0.000000100,0.000002016,0.000016818,0.000133000,0.003862444
1009,0.000000088,0.000001855,0.000017260,0.000136000,0.003974146
1010,0.000000093,0.000001898,0.000017049,0.000136000,0.003797582
1011,0.000000100,0.000001956,0.000017433,0.000134000,0.003916557
1012,0.000000087,0.000001939,0.000017160,0.000131000,0.003882655
1013,0.000000087,0.000002081,0.000016865,0.000132000,0.003979771
1014,0.000000085,0.000002075,0.000016790,0.000135000,0.003919899
1015,0.000000089,0.000001812,0.000016775,0.000131000,0.004157107
1016,0.000000086,0.000001949,0.000017507,0.000183000,0.004419129
1017,0.000000089,0.000001998,0.000019822,0.000149000,0.003868432
1018,0.000000093,0.000001932,0.000017067,0.000133000,0.003928314
1019,0.000000086,0.000001976,0.000017193,0.000136000,0.003951844
1020,0.000000088,0.000001890,0.000017473,0.000131000,0.003807625
1021,0.000000105,0.000001916,0.000016973,0.000134000,0.003871142
1022,0.000000086,0.000001966,0.000017102,0.000127000,0.003815788
1023,0.000000085,0.000002026,0.000019640,0.000134000,0.004029549
1024,0.000000086,0.000001910,0.000016683,0.000129000,0.003768127
1025,0.000000085,0.000002027,0.000016650,0.000130000,0.004020778
1026,0.000000088,0.000001922,0.000017337,0.000132000,0.003840335
1027,0.000000085,0.000002011,0.000017299,0.000131000,0.003884327
1028,0.000000084,0.000001940,0.000016131,0.000127000,0.003542855
1029,0.000000082,0.000001907,0.000018065,0.000138000,0.004231348
1030,0.000000102,0.000002060,0.000017588,0.000135000,0.003972129
1031,0.000000089,0.000001797,0.000016970,0.000129000,0.003883872
1032,0.000000092,0.000001966,0.000017191,0.000194000,0.004799053
1033,0.000000091,0.000001846,0.000016873,0.000140000,0.003813503
1034,0.000000092,0.000001842,0.000016780,0.000135000,0.003986060
1035,0.000000085,0.000001872,0.000017470,0.000128000,0.003846691
1036,0.000000093,0.000001886,0.000018757,0.000134000,0.003966759
1037,0.000000084,0.000001792,0.000016980,0.000131000,0.003887810
1038,0.000000082,0.000001870,0.000016956,0.000129000,0.004077260
1039,0.000000088,0.000001963,0.000016905,0.000131000,0.004410492
1040,0.000000086,0.000001894,0.000017512,0.000132000,0.003846179
1041,0.000000085,0.000003029,0.000017275,0.000140000,0.004080766
1042,0.000000086,0.000001789,0.000016536,0.000124000,0.003637658
1043,0.000000085,0.000001946,0.000018092,0.000139000,0.004232588
1044,0.000000095,0.000002065,0.000017703,0.000138000,0.003959813
1045,0.000000088,0.000001951,0.000016479,0.000134000,0.003794044
1046,0.000000097,0.000001974,0.000017569,0.000132000,0.004218960
1047,0.000000093,0.000002145,0.000017343,0.000133000,0.003931664
1048,0.000000089,0.000001827,0.000016960,0.000126000,0.003774451
1049,0.000000091,0.000002035,0.000016928,0.000132000,0.003884358
1050,0.000000087,0.000001873,0.000016789,0.000130000,0.003845467
1051,0.000000097,0.000001846,0.000016605,0.000135000,0.003945037
1052,0.000000089,0.000001865,0.000017230,0.000132000,0.004042775
1053,0.000000086,0.000001871,0.000017394,0.000138000,0.004207882
1054,0.000000089,0.000001907,0.000017257,0.000128000,0.003931595
1055,0.000000097,0.000001905,0.000017106,0.000134000,0.003808540
1056,0.000000093,0.000001989,0.000016468,0.000128000,0.003790479
1057,0.000000080,0.000001813,0.000016228,0.000130000,0.004263086
1058,0.000000112,0.000001982,0.000017599,0.000136000,0.003945681
1059,0.000000091,0.000001768,0.000016865,0.000139000,0.003814289
1060,0.000000085,0.000001835,0.000017352,0.000138000,0.003964518
1061,0.000000089,0.000001963,0.000017384,0.000136000,0.003901770
1062,0.000000089,0.000001756,0.000017528,0.000132000,0.003893523
1063,0.000000087,0.000001848,0.000018423,0.000136000,0.003934760
1064,0.000000091,0.000001933,0.000016826,0.000129000,0.003831840
1065,0.000000085,0.000001754,0.000017299,0.000136000,0.003920222
1066,0.000000089,0.000001956,0.000018090,0.000130000,0.003839224
1067,0.000000088,0.000001830,0.000017716,0.000136000,0.003785774
1068,0.000000088,0.000002142,0.000017297,0.000133000,0.003972047
1069,0.000000090,0.000001834,0.000016876,0.000132000,0.003863588
1070,0.000000087,0.000001900,0.000016731,0.000139000,0.003952109
1071,0.000000089,0.000001906,0.000018276,0.000149000,0.003778497
1072,0.000000086,0.000002532,0.000016524,0.000129000,0.003813040
1073,0.000000090,0.000001897,0.000016940,0.000131000,0.003951041
1074,0.000000090,0.000002111,0.000017318,0.000131000,0.003696372
1075,0.000000080,0.000001842,0.000016124,0.000123000,0.003622815
1076,0.000000081,0.000001885,0.000016716,0.000138000,0.003955669
1077,0.000000102,0.000001905,0.000017112,0.000132000,0.003949349
1078,0.000000085,0.000001802,0.000016870,0.000131000,0.003952862
1079,0.000000088,0.000001965,0.000016478,0.000129000,0.003946044
1080,0.000000088,0.000001925,0.000017130,0.000132000,0.003883034
1081,0.000000085,0.000001911,0.000016810,0.000128000,0.003853101
1082,0.000000088,0.000001903,0.000016636,0.000133000,0.004342293
1083,0.000000086,0.000001761,0.000017198,0.000139000,0.003813482
1084,0.000000087,0.000001976,0.000016898,0.000130000,0.003826097
1085,0.000000089,0.000001910,0.000016511,0.000129000,0.003760770
1086,0.000000093,0.000001847,0.000016887,0.000131000,0.003813976
1087,0.000000086,0.000002167,0.000016987,0.000133000,0.003855691
1088,0.000000091,0.000001855,0.000016850,0.000132000,0.003831923
1089,0.000000082,0.000001887,0.000016753,0.000129000,0.003766994
1090,0.000000086,0.000002074,0.000015931,0.000128000,0.003741796
1091,0.000000083,0.000001985,0.000016426,0.000126000,0.003660966
1092,0.000000086,0.000001914,0.000016377,0.000130000,0.004048425
1093,0.000000089,0.000001756,0.000016760,0.000129000,0.003835546
1094,0.000000086,0.000001836,0.000017094,0.000138000,0.003780724
1095,0.000000085,0.000001969,0.000016705,0.000139000,0.003793501
1096,0.000000094,0.000001865,0.000017032,0.000134000,0.003891607
1097,0.000000089,0.000001986,0.000017248,0.000131000,0.003796347
1098,0.000000099,0.000001749,0.000017553,0.000130000,0.004014730
1099,0.000000085,0.000001803,0.000016816,0.000133000,0.003910313
1100,0.000000088,0.000001929,0.000017149,0.000129000,0.003869003
1101,0.000000088,0.000001966,0.000016784,0.000130000,0.003900699
1102,0.000000088,0.000002178,0.000016714,0.000133000,0.003955756
1103,0.000000087,0.000001845,0.000016667,0.000212000,0.003792684
1104,0.000000086,0.000001769,0.000016888,0.000127000,0.003703886
1105,0.000000079,0.000001778,0.000014650,0.000108000,0.003281299
1106,0.000000071,0.000001602,0.000016889,0.000114000,0.004062539
1107,0.000000094,0.000002168,0.000019206,0.000145000,0.003881476
1108,0.000000088,0.000002119,0.000017324,0.000136000,0.003886877
1109,0.000000088,0.000001913,0.000016481,0.000128000,0.003787341
1110,0.000000089,0.000001897,0.000016858,0.000140000,0.003773905
1111,0.000000089,0.000001981,0.000016943,0.000130000,0.003820865
1112,0.000000095,0.000001962,0.000017807,0.000131000,0.003840229
1113,0.000000090,0.000002272,0.000017510,0.000135000,0.003822897
1114,0.000000087,0.000001969,0.000017123,0.000134000,0.003858628
1115,0.000000095,0.000001858,0.000016889,0.000131000,0.004270505
1116,0.000000090,0.000001813,0.000017173,0.000133000,0.003908158
1117,0.000000087,0.000001698,0.000016705,0.000124000,0.003873447
1118,0.000000086,0.000001821,0.000017204,0.000132000,0.003998737
1119,0.000000086,0.000001756,0.000017630,0.000135000,0.003937667
1120,0.000000088,0.000001922,0.000017284,0.000132000,0.003765932
1121,0.000000088,0.000001980,0.000016799,0.000130000,0.003976172
1122,0.000000089,0.000001924,0.000017294,0.000133000,0.003863859
1123,0.000000085,0.000002002,0.000017828,0.000134000,0.003924227
1124,0.000000092,0.000001838,0.000017242,0.000139000,0.003928122
1125,0.000000087,0.000001918,0.000017514,0.000132000,0.003931076
1126,0.000000092,0.000002847,0.000016701,0.000129000,0.003805694
1127,0.000000087,0.000001733,0.000016842,0.000131000,0.003842585
1128,0.000000090,0.000002007,0.000017191,0.000131000,0.003979440
1129,0.000000089,0.000001997,0.000021055,0.000128000,0.003526032
1130,0.000000085,0.000001876,0.000016341,0.000132000,0.004347015
1131,0.000000091,0.000001742,0.000017275,0.000136000,0.003975542
1132,0.000000088,0.000001957,0.000017119,0.000130000,0.003897360
1133,0.000000085,0.000001816,0.000017470,0.000132000,0.004017646
1134,0.000000088,0.000001886,0.000016866,0.000130000,0.004114882
1135,0.000000085,0.000001871,0.000017356,0.000134000,0.004035469
1136,0.000000093,0.000001931,0.000017878,0.000130000,0.003846740
1137,0.000000091,0.000001876,0.000017450,0.000133000,0.003866743
1138,0.000000122,0.000001916,0.000017236,0.000130000,0.003861896
1139,0.000000088,0.000001766,0.000017902,0.000132000,0.003869135
1140,0.000000085,0.000002184,0.000020441,0.000136000,0.003903201
1141,0.000000091,0.000001919,0.000016989,0.000132000,0.003901090
1142,0.000000091,0.000001853,0.000017223,0.000132000,0.004067225
1143,0.000000087,0.000002054,0.000016984,0.000137000,0.003986564
1144,0.000000087,0.000001833,0.000016002,0.000124000,0.003478161
1145,0.000000079,0.000001932,0.000018367,0.000138000,0.004039136
1146,0.000000088,0.000002011,0.000017261,0.000129000,0.003895171
1147,0.000000085,0.000002002,0.000017262,0.000134000,0.003880532
1148,0.000000089,0.000001868,0.000016914,0.000133000,0.003859432
1149,0.000000092,0.000001844,0.000016281,0.000129000,0.003900354
1150,0.000000088,0.000002299,0.000016582,0.000152000,0.004102308
1151,0.000000088,0.000001972,0.000016364,0.000129000,0.003753859
1152,0.000000087,0.000002028,0.000016904,0.000132000,0.003857720
1153,0.000000087,0.000002010,0.000016397,0.000140000,0.004269318
1154,0.000000085,0.000001824,0.000016988,0.000139000,0.003915141
1155,0.000000085,0.000001961,0.000016990,0.000137000,0.004221249
1156,0.000000088,0.000001795,0.000016899,0.000134000,0.003889364
1157,0.000000087,0.000001919,0.000016996,0.000129000,0.003882046
1158,0.000000084,0.000001853,0.000016197,0.000121000,0.003812420
1159,0.000000085,0.000001803,0.000017480,0.000133000,0.003855438
1160,0.000000099,0.000001904,0.000019129,0.000131000,0.003843793
1161,0.000000086,0.000001958,0.000016821,0.000129000,0.003879332
1162,0.000000093,0.000001840,0.000017002,0.000134000,0.003811258
1163,0.000000087,0.000002325,0.000016976,0.000125000,0.003805921
1164,0.000000088,0.000001832,0.000016556,0.000130000,0.003994547
1165,0.000000085,0.000001933,0.000024724,0.000129000,0.003928659
1166,0.000000090,0.000002073,0.000017537,0.000131000,0.005007183
1167,0.000000089,0.000001924,0.000017730,0.000133000,0.003793444
1168,0.000000114,0.000001902,0.000017115,0.000137000,0.003941116
1169,0.000000097,0.000001944,0.000018076,0.000140000,0.003886759
1170,0.000000086,0.000002031,0.000016894,0.000135000,0.003790431
1171,0.000000088,0.000001907,0.000017362,0.000134000,0.003866954
1172,0.000000105,0.000001987,0.000017420,0.000134000,0.003763410
1173,0.000000087,0.000002049,0.000017240,0.000129000,0.003772951
1174,0.000000092,0.000001900,0.000016977,0.000129000,0.003845085
1175,0.000000092,0.000002009,0.000017943,0.000132000,0.003922940
1176,0.000000094,0.000001888,0.000016912,0.000134000,0.004033713
1177,0.000000099,0.000001645,0.000015647,0.000122000,0.003719876
1178,0.000000094,0.000002355,0.000016879,0.000134000,0.004129555
1179,0.000000088,0.000001877,0.000017691,0.000128000,0.003816369
1180,0.000000085,0.000001828,0.000017013,0.000130000,0.004026413
1181,0.000000089,0.000001799,0.000016922,0.000137000,0.004067650
1182,0.000000087,0.000001693,0.000016632,0.000126000,0.004010400
1183,0.000000091,0.000002034,0.000017539,0.000133000,0.003813453
1184,0.000000090,0.000001972,0.000017106,0.000135000,0.003813704
1185,0.000000087,0.000001719,0.000016968,0.000130000,0.003911559
1186,0.000000092,0.000002055,0.000017519,0.000134000,0.003810510
1187,0.000000090,0.000002168,0.000017694,0.000134000,0.004042041
1188,0.000000112,0.000001867,0.000017053,0.000131000,0.004038521
1189,0.000000086,0.000001894,0.000015977,0.000114000,0.003302094
1190,0.000000073,0.000001695,0.000013872,0.000114000,0.003294488
1191,0.000000099,0.000001779,0.000014794,0.000113000,0.003418899
1192,0.000000079,0.000001753,0.000015493,0.000116000,0.003410966
1193,0.000000074,0.000001623,0.000014986,0.000118000,0.003402411
1194,0.000000078,0.000001712,0.000015401,0.000119000,0.003429141
1195,0.000000080,0.000001672,0.000015103,0.000119000,0.003520396
1196,0.000000083,0.000001915,0.000015427,0.000120000,0.003528199
1197,0.000000076,0.000001519,0.000015547,0.000120000,0.003767347
1198,0.000000079,0.000001800,0.000016564,0.000122000,0.003527062
1199,0.000000082,0.000001766,0.000015395,0.000123000,0.003543751
1200,0.000000079,0.000001716,0.000015555,0.000122000,0.003513057
1201,0.000000080,0.000002038,0.000016427,0.000118000,0.003683012
1202,0.000000079,0.000001757,0.000019533,0.000122000,0.003630143
1203,0.000000080,0.000001717,0.000016160,0.000123000,0.003515258
1204,0.000000079,0.000001998,0.000015583,0.000123000,0.003631135
1205,0.000000083,0.000001802,0.000015559,0.000122000,0.003509739
1206,0.000000090,0.000001752,0.000016080,0.000136000,0.003588956
1207,0.000000078,0.000001870,0.000016112,0.000119000,0.003352288
1208,0.000000078,0.000001755,0.000015149,0.000125000,0.003183251
1209,0.000000088,0.000001791,0.000015770,0.000117000,0.004405737
1210,0.000000081,0.000001621,0.000016533,0.000130000,0.003567937
1211,0.000000081,0.000001870,0.000015904,0.000121000,0.003548674
1212,0.000000084,0.000001743,0.000015542,0.000122000,0.003241295
1213,0.000000306,0.000001807,0.000015358,0.000138000,0.003765087
1214,0.000000081,0.000001779,0.000016162,0.000113000,0.003277694
1215,0.000000080,0.000001737,0.000014860,0.000116000,0.003619063
1216,0.000000082,0.000001869,0.000016603,0.000129000,0.003815307
1217,0.000000085,0.000001805,0.000016763,0.000130000,0.003900410
1218,0.000000089,0.000002070,0.000018859,0.000133000,0.003863538
1219,0.000000085,0.000001986,0.000016713,0.000134000,0.003653677
1220,0.000000078,0.000001668,0.000013551,0.000109000,0.003305608
1221,0.000000098,0.000001945,0.000017137,0.000126000,0.003585817
1222,0.000000080,0.000001615,0.000015567,0.000118000,0.003456312
1223,0.000000079,0.000001838,0.000015478,0.000125000,0.003573658
1224,0.000000081,0.000001868,0.000015974,0.000124000,0.003611695
1225,0.000000082,0.000001854,0.000015761,0.000123000,0.003792244
1226,0.000000087,0.000001952,0.000016240,0.000131000,0.003710065
1227,0.000000083,0.000001807,0.000015777,0.000126000,0.003677664
1228,0.000000085,0.000001958,0.000016782,0.000132000,0.003680516
1229,0.000000083,0.000001973,0.000016466,0.000125000,0.003628083
1230,0.000000073,0.000001755,0.000016039,0.000123000,0.003779899
1231,0.000000098,0.000001869,0.000015420,0.000120000,0.003353705
1232,0.000000077,0.000001709,0.000014750,0.000120000,0.003763348
1233,0.000000080,0.000002027,0.000015841,0.000124000,0.003613017
1234,0.000000081,0.000001811,0.000016141,0.000120000,0.003777361
1235,0.000000088,0.000001869,0.000017222,0.000137000,0.003869609
1236,0.000000088,0.000002021,0.000016799,0.000128000,0.003781844
1237,0.000000086,0.000001936,0.000016934,0.000132000,0.003942983
1238,0.000000093,0.000001976,0.000016735,0.000135000,0.003865412
1239,0.000000089,0.000002149,0.000017250,0.000131000,0.003803925
1240,0.000000122,0.000001708,0.000017914,0.000141000,0.004007964
1241,0.000000095,0.000001990,0.000017610,0.000138000,0.003884453
1242,0.000000087,0.000002063,0.000017529,0.000135000,0.003778573
1243,0.000000086,0.000001910,0.000016592,0.000129000,0.003938648
1244,0.000000101,0.000001966,0.000017456,0.000133000,0.004021917
1245,0.000000088,0.000001813,0.000029561,0.000134000,0.003876082
1246,0.000000089,0.000001762,0.000017388,0.000133000,0.004097703
1247,0.000000099,0.000001911,0.000017357,0.000134000,0.003951592
1248,0.000000091,0.000001991,0.000017192,0.000132000,0.003869893
1249,0.000000093,0.000001869,0.000016594,0.000131000,0.003790298
1250,0.000000089,0.000001881,0.000016860,0.000135000,0.003892495
1251,0.000000091,0.000002016,0.000017616,0.000140000,0.004104481
1252,0.000000108,0.000001993,0.000018061,0.000137000,0.004010394
1253,0.000000098,0.000001899,0.000017842,0.000139000,0.004071269
1254,0.000000098,0.000001886,0.000017657,0.000138000,0.003958011
1255,0.000000085,0.000001847,0.000017506,0.000135000,0.003920808
1256,0.000000106,0.000001904,0.000017197,0.000137000,0.003828506
1257,0.000000108,0.000001994,0.000017559,0.000132000,0.003801599
1258,0.000000114,0.000001817,0.000020379,0.000129000,0.003802312
1259,0.000000092,0.000002026,0.000017345,0.000132000,0.003961729
1260,0.000000088,0.000002126,0.000017140,0.000135000,0.003875991
1261,0.000000088,0.000001971,0.000017524,0.000131000,0.003923290
1262,0.000000092,0.000001895,0.000018342,0.000135000,0.004054637
1263,0.000000089,0.000009827,0.000017728,0.000131000,0.003786966
1264,0.000000122,0.000001865,0.000017165,0.000161000,0.003992758
1265,0.000000105,0.000001995,0.000017425,0.000135000,0.003851104
1266,0.000000091,0.000001853,0.000017142,0.000135000,0.003885139
1267,0.000000091,0.000001928,0.000017568,0.000134000,0.004398117
1268,0.000000088,0.000001991,0.000017313,0.000133000,0.004039321
1269,0.000000102,0.000002078,0.000016961,0.000140000,0.003933403
1270,0.000000096,0.000001815,0.000017398,0.000132000,0.004290230
1271,0.000000085,0.000001834,0.000016670,0.000133000,0.003860477
1272,0.000000085,0.000002562,0.000017600,0.000139000,0.003869389
1273,0.000000089,0.000002011,0.000017604,0.000133000,0.003877414
1274,0.000000089,0.000002046,0.000017245,0.000131000,0.004011631
1275,0.000000092,0.000002029,0.000018239,0.000134000,0.004064798
1276,0.000000094,0.000002130,0.000017350,0.000134000,0.003993711
1277,0.000000093,0.000002025,0.000017075,0.000132000,0.004067639
1278,0.000000092,0.000001949,0.000017459,0.000133000,0.003880431
1279,0.000000088,0.000001818,0.000017328,0.000136000,0.003898093
1280,0.000000096,0.000001931,0.000017102,0.000139000,0.003900159
1281,0.000000091,0.000001950,0.000017746,0.000133000,0.003946605
1282,0.000000109,0.000001908,0.000017270,0.000147000,0.003812809
1283,0.000000083,0.000002586,0.000016668,0.000128000,0.003903014
1284,0.000000093,0.000002437,0.000016822,0.000130000,0.004101723
1285,0.000000093,0.000001858,0.000017195,0.000134000,0.003845485
1286,0.000000089,0.000001989,0.000017363,0.000138000,0.003988401
1287,0.000000087,0.000001891,0.000017156,0.000132000,0.003877286
1288,0.000000088,0.000001875,0.000017524,0.000158000,0.004193293
1289,0.000000088,0.000001859,0.000017028,0.000136000,0.003922178
1290,0.000000093,0.000001917,0.000017781,0.000134000,0.003815649
1291,0.000000087,0.000002055,0.000016779,0.000178000,0.003819536
1292,0.000000093,0.000001991,0.000017195,0.000134000,0.003787131
1293,0.000000086,0.000001853,0.000016932,0.000135000,0.003916655
1294,0.000000089,0.000002029,0.000017139,0.000133000,0.003905140
1295,0.000000117,0.000002022,0.000016954,0.000134000,0.003863579
1296,0.000000165,0.000001957,0.000017060,0.000124000,0.003467425
1297,0.000000088,0.000002101,0.000016524,0.000117000,0.003187530
1298,0.000000078,0.000002328,0.000015698,0.000128000,0.003638907
1299,0.000000085,0.000001763,0.000017364,0.000132000,0.003804742
1300,0.000000088,0.000008723,0.000017886,0.000129000,0.003760025
1301,0.000000086,0.000001808,0.000016845,0.000131000,0.003842325
1302,0.000000090,0.000001803,0.000017232,0.000134000,0.003794662
1303,0.000000088,0.000001841,0.000017510,0.000130000,0.003912075
1304,0.000000089,0.000001937,0.000016753,0.000128000,0.004049586
1305,0.000000095,0.000001917,0.000016869,0.000131000,0.003931725
1306,0.000000091,0.000001895,0.000017523,0.000139000,0.003892063
1307,0.000000089,0.000001900,0.000016457,0.000132000,0.004054571
1308,0.000000091,0.000001901,0.000017101,0.000129000,0.004002681
1309,0.000000085,0.000001830,0.000017144,0.000136000,0.004282830
1310,0.000000088,0.000002001,0.000017299,0.000131000,0.003864127
1311,0.000000091,0.000002171,0.000016973,0.000134000,0.003829266
1312,0.000000086,0.000001864,0.000017136,0.000131000,0.003649796
1313,0.000000075,0.000001833,0.000014371,0.000110000,0.003577096
1314,0.000000073,0.000001794,0.000017936,0.000157000,0.003885883
1315,0.000000093,0.000002023,0.000017353,0.000135000,0.003925635
1316,0.000000091,0.000001858,0.000017817,0.000130000,0.003844763
1317,0.000000089,0.000001942,0.000017066,0.000136000,0.003936470
1318,0.000000090,0.000002097,0.000017387,0.000135000,0.003829642
1319,0.000000086,0.000001935,0.000016696,0.000135000,0.003920255
1320,0.000000102,0.000002159,0.000018012,0.000134000,0.003905839
1321,0.000000088,0.000002039,0.000016905,0.000128000,0.004037249
1322,0.000000083,0.000001982,0.000017359,0.000138000,0.003912635
1323,0.000000087,0.000001985,0.000017353,0.000135000,0.004070763
1324,0.000000088,0.000001859,0.000017564,0.000138000,0.004238916
1325,0.000000089,0.000001889,0.000017423,0.000133000,0.003952727
1326,0.000000090,0.000001851,0.000018160,0.000138000,0.003543340
1327,0.000000071,0.000001740,0.000012971,0.000107000,0.003598350
1328,0.000000079,0.000001692,0.000016403,0.000122000,0.003734825
1329,0.000000089,0.000002129,0.000017335,0.000131000,0.004049235
1330,0.000000090,0.000001934,0.000018027,0.000185000,0.003841190
1331,0.000000115,0.000001926,0.000017606,0.000136000,0.004030452
1332,0.000000088,0.000001874,0.000016805,0.000133000,0.003983426
1333,0.000000091,0.000002028,0.000017165,0.000136000,0.003880100
1334,0.000000091,0.000001935,0.000016833,0.000183000,0.003879398
1335,0.000000087,0.000002210,0.000016470,0.000131000,0.003901105
1336,0.000000088,0.000001887,0.000016798,0.000132000,0.003950853
1337,0.000000088,0.000001944,0.000016957,0.000132000,0.003915969
1338,0.000000091,0.000001949,0.000017214,0.000126000,0.003671972
1339,0.000000081,0.000009396,0.000016593,0.000123000,0.003837636
1340,0.000000089,0.000001953,0.000017636,0.000137000,0.003987742
1341,0.000000092,0.000001741,0.000016971,0.000135000,0.003899892
1342,0.000000088,0.000002186,0.000017260,0.000133000,0.003929443
1343,0.000000090,0.000001882,0.000017135,0.000134000,0.003935033
1344,0.000000092,0.000001811,0.000017529,0.000134000,0.003892074
1345,0.000000088,0.000001866,0.000017466,0.000134000,0.004055130
1346,0.000000089,0.000002087,0.000016990,0.000135000,0.003852087
1347,0.000000092,0.000001983,0.000018203,0.000140000,0.004058989
1348,0.000000088,0.000002273,0.000017453,0.000136000,0.003970723
1349,0.000000093,0.000001918,0.000017483,0.000139000,0.004038205
1350,0.000000097,0.000002473,0.000017197,0.000133000,0.003954340
1351,0.000000088,0.000001845,0.000016898,0.000133000,0.003874451
1352,0.000000091,0.000001926,0.000017549,0.000148000,0.003873006
1353,0.000000087,0.000002394,0.000017599,0.000134000,0.003900282
1354,0.000000106,0.000001947,0.000016509,0.000128000,0.003561211
1355,0.000000084,0.000001775,0.000018098,0.000135000,0.004036632
1356,0.000000091,0.000002024,0.000019970,0.000136000,0.003982115
1357,0.000000101,0.000002182,0.000017495,0.000135000,0.004116755
1358,0.000000089,0.000001934,0.000017220,0.000132000,0.003856019
1359,0.000000086,0.000001805,0.000021341,0.000133000,0.003920883
1360,0.000000088,0.000001931,0.000017381,0.000136000,0.003894744
1361,0.000000089,0.000002057,0.000017107,0.000135000,0.003877312
1362,0.000000091,0.000001965,0.000016885,0.000132000,0.003873661
1363,0.000000086,0.000002057,0.000017345,0.000134000,0.004208481
1364,0.000000086,0.000001958,0.000017171,0.000135000,0.004111254
1365,0.000000090,0.000001915,0.000017284,0.000140000,0.003845435
1366,0.000000090,0.000001904,0.000017265,0.000132000,0.004163194
1367,0.000000105,0.000002035,0.000017070,0.000133000,0.003982956
1368,0.000000085,0.000001774,0.000016746,0.000135000,0.004015546
1369,0.000000085,0.000001785,0.000016663,0.000123000,0.003694579
