n,times
0,0
1,0.00000077
2,0.00000086
3,0.00000073
4,0.00000158
5,0.00000129
6,0.00000229
7,0.00000208
8,0.00000208
9,0.00000358
10,0.00000370
11,0.00000513
12,0.00000458
13,0.00000589
14,0.00000648
15,0.00000626
16,0.00001034
17,0.00001356
18,0.00002460
19,0.00001744
20,0.00002869
21,0.00003225
22,0.00002586
23,0.00002609
24,0.00002666
25,0.00004145
26,0.00004037
27,0.00002889
28,0.00005135
29,0.00004677
30,0.00005329
31,0.00005534
32,0.00006700
33,0.00004509
34,0.00004631
35,0.00005554
36,0.00007376
37,0.00006729
38,0.00007262
39,0.00007480
40,0.00007740
41,0.00008602
42,0.00009401
43,0.00009646
44,0.00008780
45,0.00010236
46,0.00011202
47,0.00011611
48,0.00008711
49,0.00008215
50,0.00009455
51,0.00009157
52,0.00010014
53,0.00010116
54,0.00010871
55,0.00011568
56,0.00011669
57,0.00010855
58,0.00011980
59,0.00013819
60,0.00013513
61,0.00014179
62,0.00013294
63,0.00014910
64,0.00015395
65,0.00015089
66,0.00017230
67,0.00018186
68,0.00016987
69,0.00017510
70,0.00020419
71,0.00021177
72,0.00020999
73,0.00019511
74,0.00021905
75,0.00022117
76,0.00023658
77,0.00021205
78,0.00020655
79,0.00022597
80,0.00021816
81,0.00023336
82,0.00023056
83,0.00023345
84,0.00025194
85,0.00026055
86,0.00026651
87,0.00025849
88,0.00027544
89,0.00026600
90,0.00026494
91,0.00030553
92,0.00032486
93,0.00032498
94,0.00032902
95,0.00034442
96,0.00033859
97,0.00036196
98,0.00034842
99,0.00036321
100,0.00037866
101,0.00037401
102,0.00228898
103,0.00315273
104,0.00337357
105,0.00041036
106,0.00037997
107,0.00040158
108,0.00040288
109,0.00044098
110,0.00049291
111,0.00072080
112,0.00059708
113,0.00042843
114,0.00045147
115,0.00045996
116,0.00044970
117,0.00044080
118,0.00046122
119,0.00047311
120,0.00044935
121,0.00047771
122,0.00051513
123,0.00051574
124,0.00049826
125,0.00051958
126,0.00055049
127,0.00052460
128,0.00450100
129,0.00488867
130,0.00056291
131,0.00054831
132,0.00058515
133,0.00070489
134,0.00074274
135,0.00077792
136,0.00078015
137,0.00064587
138,0.00065470
139,0.00064129
140,0.00067900
141,0.00071540
142,0.00066951
143,0.00063312
144,0.00065013
145,0.00064777
146,0.00071126
147,0.00069573
148,0.00087602
149,0.00093908
150,0.00077234
151,0.00081123
152,0.00070546
153,0.00072881
154,0.00072189
155,0.00072569
156,0.00079644
157,0.00078072
158,0.00074994
159,0.00077026
160,0.00083384
161,0.00083051
162,0.00103822
163,0.00098272
164,0.00094527
165,0.00097690
166,0.00112747
167,0.00114298
168,0.00099773
169,0.00094563
170,0.00121352
171,0.00158560
172,0.00101571
173,0.00130028
174,0.00865473
175,0.00093368
176,0.00098987
177,0.00098193
178,0.00115612
179,0.00106193
180,0.00631269
181,0.00419987
182,0.00113504
183,0.00146202
184,0.00165229
185,0.00946246
186,0.00106000
187,0.00107247
188,0.00506859
189,0.00559848
190,0.00114752
191,0.00129790
192,0.00203747
193,0.00893073
194,0.00111549
195,0.00111660
196,0.00132005
197,0.00110424
198,0.00119402
199,0.00116939
200,0.00125915
201,0.00122321
202,0.00142880
203,0.00146842
204,0.00173093
205,0.00177075
206,0.00138457
207,0.00140189
208,0.00153893
209,0.00120690
210,0.00135200
211,0.00196817
212,0.00240150
213,0.00978243
214,0.00905278
215,0.00133320
216,0.00165561
217,0.01073532
218,0.00137950
219,0.00131285
220,0.00136831
221,0.00133393
222,0.01053287
223,0.00172488
224,0.00205351
225,0.01067302
226,0.00142234
227,0.00140768
228,0.00149972
229,0.00151653
230,0.00180281
231,0.00142894
232,0.00307185
233,0.00879665
234,0.00192626
235,0.00144479
236,0.01009532
237,0.00174443
238,0.00166029
239,0.00172619
240,0.01084153
241,0.00235013
242,0.00170277
243,0.01093119
244,0.00166577
245,0.00168096
246,0.01098734
247,0.01076697
248,0.01100501
249,0.00179616
250,0.00195426
251,0.00197464
252,0.00175258
253,0.00165494
254,0.00324261
255,0.00866770
256,0.00181425
257,0.00204283
258,0.00185793
259,0.00210985
260,0.00452375
261,0.00749064
262,0.00170761
263,0.00195895
264,0.01182484
265,0.00259251
266,0.00255989
267,0.00194327
268,0.00244304
269,0.00244559
270,0.00223279
271,0.00213427
272,0.00205764
273,0.00231307
274,0.00221550
275,0.00217290
276,0.00253557
277,0.00230765
278,0.00761223
279,0.00600442
280,0.00210327
281,0.00235997
282,0.00244072
283,0.00489923
284,0.01694365
285,0.00225533
286,0.01241616
287,0.00979310
288,0.00279341
289,0.00235777
290,0.00308627
291,0.00221652
292,0.00231904
293,0.00288863
294,0.00256237
295,0.00270866
296,0.01187862
297,0.00318840
298,0.00324367
299,0.00314011
300,0.02103559
301,0.00331062
302,0.00248348
303,0.00324411
304,0.00257776
305,0.00266260
306,0.01217245
307,0.00297090
308,0.00508688
309,0.00828643
310,0.00267262
311,0.00311736
312,0.00288710
313,0.00353669
314,0.00303908
315,0.01243630
316,0.00280346
317,0.00272579
318,0.00327047
319,0.00292447
320,0.00307788
321,0.01286761
322,0.00300359
323,0.00290800
324,0.00321971
325,0.00322884
326,0.01271585
327,0.00359049
328,0.00287784
329,0.02168188
330,0.00376633
331,0.00380574
332,0.00297667
333,0.01243498
334,0.00310730
335,0.00402858
336,0.01048214
337,0.01256792
338,0.00343540
339,0.00421797
340,0.01054479
341,0.00319744
342,0.01285787
343,0.00382163
344,0.01096483
345,0.00402048
346,0.00334132
347,0.00356029
348,0.00409907
349,0.01272293
350,0.01245320
351,0.01271526
352,0.02201643
353,0.01281252
354,0.00362739
355,0.01080818
356,0.00388374
357,0.00375633
358,0.00424634
359,0.00418509
360,0.00392884
361,0.00414150
362,0.01240032
363,0.00396078
364,0.00355309
365,0.00419392
366,0.00423664
367,0.01318590
368,0.00398645
369,0.01301523
370,0.00359639
371,0.00393442
372,0.00407966
373,0.00416403
374,0.01321916
375,0.00468364
376,0.00475969
377,0.00405471
378,0.00462018
379,0.00479547
380,0.00451387
381,0.01383874
382,0.00480016
383,0.00443503
384,0.00431053
385,0.03200929
386,0.01432360
387,0.01487244
388,0.01085966
389,0.01329205
390,0.00410437
391,0.00424881
392,0.01459933
393,0.00460247
394,0.00445365
395,0.00459425
396,0.01402606
397,0.00592955
398,0.01083185
399,0.00518651
400,0.01372483
401,0.00472783
402,0.02329164
403,0.00529997
404,0.01401497
405,0.00455981
406,0.00496448
407,0.00521220
408,0.01507795
409,0.00484235
410,0.00596841
411,0.01409625
412,0.01436117
413,0.00468272
414,0.00518515
415,0.00515619
416,0.01476519
417,0.00590784
418,0.00488310
419,0.00500582
420,0.01458812
421,0.00629005
422,0.00522456
423,0.01489939
424,0.00569114
425,0.00532707
426,0.00535669
427,0.01451031
428,0.00516696
429,0.00576276
430,0.00656637
431,0.00592252
432,0.00633838
433,0.00687256
434,0.01508455
435,0.01488563
436,0.01013221
437,0.01815406
438,0.00642715
439,0.01385075
440,0.01431093
441,0.01254355
442,0.01545018
443,0.00619532
444,0.01481370
445,0.00568511
446,0.01504345
447,0.01517971
448,0.00604554
449,0.01839398
450,0.01115345
451,0.00613092
452,0.02497010
453,0.00558456
454,0.01544832
455,0.02136469
456,0.00705560
457,0.00585810
458,0.00752626
459,0.00628791
460,0.01050156
461,0.00893228
462,0.02446907
463,0.00703195
464,0.01082721
465,0.02231625
466,0.01878219
467,0.00673914
468,0.00622794
469,0.01712265
470,0.01207369
471,0.01635292
472,0.02450962
473,0.00747010
474,0.01110937
475,0.00955603
476,0.01474085
477,0.01566214
478,0.03407783
479,0.02429125
480,0.00747922
481,0.01231329
482,0.00657944
483,0.00772666
484,0.01745882
485,0.01662202
486,0.00711351
487,0.01646977
488,0.01516978
489,0.02526309
490,0.01534346
491,0.00695120
492,0.01613375
493,0.00776585
494,0.01644773
495,0.02590533
496,0.00680460
497,0.01608150
498,0.00767536
499,0.00850843
500,0.01730911
501,0.00742421
502,0.00763218
503,0.00716193
504,0.01661256
505,0.01590556
506,0.01712738
507,0.00835298
508,0.00825173
509,0.00877435
510,0.03502078
511,0.02627169
512,0.02550630
513,0.00729678
514,0.00803598
515,0.01725162
516,0.00741475
517,0.00800814
518,0.00819644
519,0.01739385
520,0.01720964
521,0.01708033
522,0.00847689
523,0.01776292
524,0.01699781
525,0.00859188
526,0.01729372
527,0.00946240
528,0.02680321
529,0.00808321
530,0.00835331
531,0.00902847
532,0.01806852
533,0.00862052
534,0.01715921
535,0.00859016
536,0.01732297
537,0.02684634
538,0.01854687
539,0.00822693
540,0.00965005
541,0.01887935
542,0.02771143
543,0.00934282
544,0.01774350
545,0.01805892
546,0.01758596
547,0.01024351
548,0.03678099
549,0.02744453
550,0.00922044
551,0.02775677
552,0.00947843
553,0.02477743
554,0.01813488
555,0.01711353
556,0.00952106
557,0.02306222
558,0.03074368
559,0.00931691
560,0.01824488
561,0.00900987
562,0.02887784
563,0.00922692
564,0.02758050
565,0.00882499
566,0.01003077
567,0.02781275
568,0.02861484
569,0.00913083
570,0.00944731
571,0.01988088
572,0.01897802
573,0.01849679
574,0.00949091
575,0.01946511
576,0.01858032
577,0.01041455
578,0.01027003
579,0.01939468
580,0.01046583
581,0.01075844
582,0.01022538
583,0.01054137
584,0.01980572
585,0.01956895
586,0.01065752
587,0.01109919
588,0.01061636
589,0.01079458
590,0.01977428
591,0.01100038
592,0.01999479
593,0.01079439
594,0.01098859
595,0.01108577
596,0.01102833
597,0.01160580
598,0.01132404
599,0.01154843
600,0.01116894
601,0.01136361
602,0.02111844
603,0.03020961
604,0.02085162
605,0.02128470
606,0.01233584
607,0.01222258
608,0.01217292
609,0.01215583
610,0.01238491
611,0.01259585
612,0.01271194
613,0.02145982
614,0.01282704
615,0.01229275
616,0.01276795
617,0.01250851
618,0.01272528
619,0.01273345
620,0.01266440
621,0.01260272
622,0.01289803
623,0.01291895
624,0.01300162
625,0.01292214
626,0.01325000
627,0.01298334
628,0.01343173
629,0.01312977
630,0.01284715
631,0.01275674
632,0.02178833
633,0.01295193
634,0.01254780
635,0.01276034
636,0.01325655
637,0.01357865
638,0.01416582
639,0.01317307
640,0.01324978
641,0.01360527
642,0.02238934
643,0.01308168
644,0.02284353
645,0.02235495
646,0.01380111
647,0.01401822
648,0.01418154
649,0.01431873
650,0.01400364
651,0.01403889
652,0.01422153
653,0.02293842
654,0.01343506
655,0.01378206
656,0.01383407
657,0.01370255
658,0.01377347
659,0.01408990
660,0.01407017
661,0.01420565
662,0.01437077
663,0.01383853
664,0.01459950
665,0.02343012
666,0.01475240
667,0.01448507
668,0.02368444
669,0.01444688
670,0.01464637
671,0.02358479
672,0.01494979
673,0.01560290
674,0.01467423
675,0.02450854
676,0.01526850
677,0.01542046
678,0.01534811
679,0.01548868
680,0.02431077
681,0.01556887
682,0.01590534
683,0.01565577
684,0.01532740
685,0.01586412
686,0.01546354
687,0.02497231
688,0.01610074
689,0.01572074
690,0.01610078
691,0.01623473
692,0.01657162
693,0.01609398
694,0.01614011
695,0.01667017
696,0.01586320
697,0.01638428
698,0.01540498
699,0.02502376
700,0.01568385
701,0.01613600
702,0.01603939
703,0.01573808
704,0.02519156
705,0.01631934
706,0.02477831
707,0.01608564
708,0.01662709
709,0.02575252
710,0.01672934
711,0.01668966
712,0.01752181
713,0.01677307
714,0.01712423
715,0.01700275
716,0.01712375
717,0.02598611
718,0.01651422
719,0.01694028
720,0.01670850
721,0.01726238
722,0.01690203
723,0.01715524
724,0.01699773
725,0.01671006
726,0.01763883
727,0.01732643
728,0.01713639
729,0.01695031
730,0.01740619
731,0.01715083
732,0.01796903
733,0.01753220
734,0.03583738
735,0.01780268
736,0.01749318
737,0.02684115
738,0.01756655
739,0.01789525
740,0.01848492
741,0.01808758
742,0.01782718
743,0.02730720
744,0.01855664
745,0.01838588
746,0.01793962
747,0.01827899
748,0.01793552
749,0.02784224
750,0.01833176
751,0.02736782
752,0.01952838
753,0.02777820
754,0.01837787
755,0.01905965
756,0.01858092
757,0.01863828
758,0.01891473
759,0.01920752
760,0.02002133
761,0.02796121
762,0.01911247
763,0.01941477
764,0.01929656
765,0.01970372
766,0.01956100
767,0.01969515
768,0.01950941
769,0.02777316
770,0.01948574
771,0.02867700
772,0.01971537
773,0.02001018
774,0.01979958
775,0.02002102
776,0.01991602
777,0.02052297
778,0.02021445
779,0.02001404
780,0.02050594
781,0.01943761
782,0.01948477
783,0.02940577
784,0.01990704
785,0.02003247
786,0.02023526
787,0.02000958
788,0.02941907
789,0.01997431
790,0.02051106
791,0.02018281
792,0.02956661
793,0.02934140
794,0.02961180
795,0.02151217
796,0.02996287
797,0.02153253
798,0.02126125
799,0.02158516
800,0.02136831
801,0.02189779
802,0.02141847
803,0.02178605
804,0.02136168
805,0.02106180
806,0.02168359
807,0.02058255
808,0.02062838
809,0.02079320
810,0.02075141
811,0.03950891
812,0.02148975
813,0.02137401
814,0.03961922
815,0.02216271
816,0.02362743
817,0.02287773
818,0.02224636
819,0.02232350
820,0.02269602
821,0.02178609
822,0.02283287
823,0.03097307
824,0.02214128
825,0.02271086
826,0.02212914
827,0.02272643
828,0.02211535
829,0.02271423
830,0.02225165
831,0.02369208
832,0.03125516
833,0.02253762
834,0.02268854
835,0.02352654
836,0.02344626
837,0.02412008
838,0.02386573
839,0.02390741
840,0.02431011
841,0.02433377
842,0.02389356
843,0.02433143
844,0.02438593
845,0.02476145
846,0.02439418
847,0.02498870
848,0.02475630
849,0.02475132
850,0.02504527
851,0.02480824
852,0.02530186
853,0.02494171
854,0.02492636
855,0.02553113
856,0.02497017
857,0.02554935
858,0.04068186
859,0.03274962
860,0.02575823
861,0.02481166
862,0.02550773
863,0.02584806
864,0.02599775
865,0.02620876
866,0.02615663
867,0.02599875
868,0.02531448
869,0.02612953
870,0.02601188
871,0.02605745
872,0.02666059
873,0.02597137
874,0.02603772
875,0.02632922
876,0.02663646
877,0.02686121
878,0.02804700
879,0.02398044
880,0.03209091
881,0.03281104
882,0.02394015
883,0.03308230
884,0.02417461
885,0.04232157
886,0.03315290
887,0.03339925
888,0.02552449
889,0.02551584
890,0.02543536
891,0.03354353
892,0.05629073
893,0.04427903
894,0.03491936
895,0.02626523
896,0.02566951
897,0.02562397
898,0.03520437
899,0.02613385
900,0.02585789
901,0.02582545
902,0.04558163
903,0.02657675
904,0.02673664
905,0.02733513
906,0.02685138
907,0.02732044
908,0.02668323
909,0.03561681
910,0.03592289
911,0.02672895
912,0.05490808
913,0.02793099
914,0.02799555
915,0.02821509
916,0.04678895
917,0.02828612
918,0.02838734
919,0.02857271
920,0.02811987
921,0.03815487
922,0.02846760
923,0.02808135
924,0.02884812
925,0.02908524
926,0.03770337
927,0.02882410
928,0.02906913
929,0.02917714
930,0.02909234
931,0.03757137
932,0.02858409
933,0.02869021
934,0.02891243
935,0.02894684
936,0.02878433
937,0.03779975
938,0.03835662
939,0.02933490
940,0.02880615
941,0.03909988
942,0.02888862
943,0.02911508
944,0.02964644
945,0.02965252
946,0.03809619
947,0.02964399
948,0.03947251
949,0.02937276
950,0.02963643
951,0.02992776
952,0.03887329
953,0.03054773
954,0.03002794
955,0.03988115
956,0.03011026
957,0.03043796
958,0.03052831
959,0.02999428
960,0.03016640
961,0.03042859
962,0.03879392
963,0.03069544
964,0.03924379
965,0.02958011
966,0.03101053
967,0.03068121
968,0.03933405
969,0.03036161
970,0.03146531
971,0.03065264
972,0.03110909
973,0.03077501
974,0.02997417
975,0.03049492
976,0.03109336
977,0.03916778
978,0.03076265
979,0.03976583
980,0.03949931
981,0.02990372
982,0.03158972
983,0.04058024
984,0.03003601
985,0.03106332
986,0.03975098
987,0.03237332
988,0.03309153
989,0.03367126
990,0.03469018
991,0.03397710
992,0.03423599
993,0.03453458
994,0.04293221
995,0.03476090
996,0.03460621
997,0.03430129
998,0.03569028
999,0.04277769
1000,0.03486218
1001,0.03579092
1002,0.03552633
1003,0.03510253
1004,0.03588376
1005,0.05087558
1006,0.03511294
1007,0.03550644
1008,0.03597856
1009,0.03535952
1010,0.03629648
1011,0.03613759
1012,0.03639766
1013,0.03654686
1014,0.04388875
1015,0.03642295
1016,0.03708822
1017,0.03607080
1018,0.03768320
1019,0.03659133
1020,0.03706920
1021,0.03703947
1022,0.04306402
1023,0.03594572
1024,0.03326020
1025,0.05882084
1026,0.07029806
1027,0.05161777
1028,0.03279594
1029,0.03445855
1030,0.04287552
1031,0.03415329
1032,0.04274981
1033,0.04276747
1034,0.03400078
1035,0.03518768
1036,0.03527010
1037,0.03495557
1038,0.03515969
1039,0.03584934
1040,0.03519509
1041,0.03571466
1042,0.03635234
1043,0.03603041
1044,0.04417807
1045,0.03670053
1046,0.03666730
1047,0.03643870
1048,0.05312954
1049,0.03638900
1050,0.03740075
1051,0.03631621
1052,0.04566309
1053,0.05346540
1054,0.04444441
1055,0.05845185
1056,0.05672994
1057,0.04656270
1058,0.03841702
1059,0.03924695
1060,0.04916856
1061,0.03662754
1062,0.03808126
1063,0.03686731
1064,0.03679761
1065,0.03815579
1066,0.03791528
1067,0.05160421
1068,0.03938865
1069,0.03761674
1070,0.03740033
1071,0.04459184
1072,0.03702674
1073,0.03694976
1074,0.03748887
1075,0.03790523
1076,0.03761826
1077,0.03835606
1078,0.03860051
1079,0.03930277
1080,0.03913611
1081,0.03822434
1082,0.03848686
1083,0.05518938
1084,0.04754155
1085,0.05545213
1086,0.03952284
1087,0.03947252
1088,0.03918104
1089,0.03871733
1090,0.03916337
1091,0.03945660
1092,0.03958225
1093,0.03973289
1094,0.03951432
1095,0.03958276
1096,0.04016029
1097,0.04021023
1098,0.04022951
1099,0.03972799
1100,0.03964464
1101,0.04021387
1102,0.04007711
1103,0.04061891
1104,0.04062499
1105,0.04047272
1106,0.04092742
1107,0.04138022
1108,0.04105528
1109,0.04071010
1110,0.04087539
1111,0.04151199
1112,0.04046562
1113,0.04200714
1114,0.04134390
1115,0.04158234
1116,0.04141799
1117,0.04163157
1118,0.04130345
1119,0.04147821
1120,0.04192051
1121,0.04188845
1122,0.04173052
1123,0.04153665
1124,0.04203478
1125,0.04263524
1126,0.05777219
1127,0.06777410
1128,0.04424691
1129,0.04610109
1130,0.04542755
1131,0.04566254
1132,0.04589062
1133,0.04538837
1134,0.04527510
1135,0.04503054
1136,0.04600474
1137,0.04604099
1138,0.04575411
1139,0.04698249
1140,0.04622041
1141,0.04644497
1142,0.04756255
1143,0.04742151
1144,0.04762407
1145,0.04702618
1146,0.04773572
1147,0.04671580
1148,0.04799606
1149,0.04772509
1150,0.04858673
1151,0.09216042
1152,0.05393549
1153,0.07749768
1154,0.04192603
1155,0.05030847
1156,0.04679489
1157,0.04493537
1158,0.04753927
1159,0.04796050
1160,0.06661690
1161,0.06017217
1162,0.06971730
1163,0.04630701
1164,0.04814592
1165,0.04816558
1166,0.05001270
1167,0.04347499
1168,0.04430934
1169,0.04457513
1170,0.04574537
1171,0.04546260
1172,0.05397719
1173,0.04450150
1174,0.04881548
1175,0.04879411
1176,0.04978437
1177,0.04980576
1178,0.04974713
1179,0.04969467
1180,0.05012454
1181,0.05059468
1182,0.05048962
1183,0.05091238
1184,0.05041778
1185,0.05052620
1186,0.06702528
1187,0.05090407
1188,0.05105250
1189,0.05221525
1190,0.05139961
1191,0.05122515
1192,0.05237935
1193,0.05099285
1194,0.05227870
1195,0.05171369
1196,0.05392422
1197,0.05293813
1198,0.05213452
1199,0.05266962
1200,0.05251430
1201,0.05271718
1202,0.05128672
1203,0.05212476
1204,0.05349704
1205,0.05363184
1206,0.05274691
1207,0.05367935
1208,0.05472730
1209,0.05421512
1210,0.05335047
1211,0.05393680
1212,0.05515714
1213,0.05395925
1214,0.07864892
1215,0.05352452
1216,0.05440627
1217,0.05384082
1218,0.05430081
1219,0.09279501
1220,0.06099439
1221,0.05273758
1222,0.05173385
1223,0.05338657
1224,0.05378302
1225,0.05331094
1226,0.08727048
1227,0.05323814
1228,0.05439018
1229,0.05458129
1230,0.05594831
1231,0.05577186
1232,0.05579149
1233,0.05524809
1234,0.05739872
1235,0.05670609
1236,0.05560457
1237,0.05566046
1238,0.05613207
1239,0.05646350
1240,0.05640476
1241,0.05549443
1242,0.05804554
1243,0.05678130
1244,0.05617143
1245,0.05641692
1246,0.05827950
1247,0.05613954
1248,0.05697056
1249,0.05586248
1250,0.05710078
1251,0.05787922
1252,0.05766575
1253,0.05842556
1254,0.05802856
1255,0.05719214
1256,0.05843085
1257,0.07361359
1258,0.05805836
1259,0.05816423
1260,0.05851679
1261,0.07912236
1262,0.05860635
1263,0.05762164
1264,0.05875271
1265,0.06010103
1266,0.06014111
1267,0.05915503
1268,0.09808851
1269,0.05807979
1270,0.05691803
1271,0.05789888
1272,0.05748196
1273,0.05835239
1274,0.05858197
1275,0.05784301
1276,0.05896397
1277,0.06643303
1278,0.05847441
1279,0.05929854
1280,0.05879791
1281,0.06037228
1282,0.05835273
1283,0.05920445
1284,0.05924367
1285,0.06757888
1286,0.05817648
1287,0.05915811
1288,0.05912921
1289,0.05955803
1290,0.05935142
1291,0.06627338
1292,0.05929225
1293,0.07143719
1294,0.06028505
1295,0.06071328
1296,0.06028990
1297,0.05982260
1298,0.06064339
1299,0.06798873
1300,0.05969992
1301,0.06030320
1302,0.06089785
1303,0.06986738
1304,0.06059228
1305,0.06299267
1306,0.11374055
1307,0.20223148
1308,0.07642646
1309,0.10611982
1310,0.07854632
1311,0.06239494
1312,0.06120576
1313,0.06251383
1314,0.06241626
1315,0.06298298
1316,0.06288573
1317,0.06241778
1318,0.06214208
1319,0.06277682
1320,0.06423946
1321,0.09605342
1322,0.06310660
1323,0.06438715
1324,0.06370034
1325,0.06312866
1326,0.06339748
1327,0.06344452
1328,0.07090573
1329,0.06403761
1330,0.06527811
1331,0.06368624
1332,0.06500979
1333,0.06448272
1334,0.06598284
1335,0.15101239
1336,0.06340575
1337,0.06432353
1338,0.06426032
1339,0.06401017
1340,0.06460723
1341,0.06435442
1342,0.06525959
1343,0.06544445
1344,0.06629965
1345,0.06579990
1346,0.06633215
1347,0.06516910
1348,0.06691589
1349,0.06570044
1350,0.06610070
1351,0.06637534
1352,0.06564907
1353,0.09501822
1354,0.15532478
1355,0.10760251
1356,0.06793267
1357,0.06733127
1358,0.06865413
1359,0.06910584
1360,0.06831206
1361,0.06883973
1362,0.11710459
1363,0.06695578
1364,0.06887778
1365,0.06968927
1366,0.06950479
1367,0.07157598
1368,0.06929069
1369,0.06922345
1370,0.10377290
1371,0.13316040
1372,0.06830604
1373,0.07065582
1374,0.07016213
1375,0.07050012
1376,0.07076520
1377,0.07137323
1378,0.07038166
1379,0.07091048
1380,0.07107241
1381,0.07129549
1382,0.07166287
1383,0.07129347
1384,0.07202577
1385,0.07160935
1386,0.07219345
1387,0.07367555
1388,0.07287865
1389,0.07201712
1390,0.07252607
1391,0.07318626
1392,0.07247937
1393,0.07158370
1394,0.07305239
1395,0.07245852
1396,0.07357080
1397,0.07297951
1398,0.19714357
1399,0.22925543
1400,0.24464207
1401,0.26812754
1402,0.24710777
1403,0.10141631
1404,0.14013342
1405,0.09107680
1406,0.08892658
1407,0.09803532
1408,0.10617906
1409,0.10990762
1410,0.09172674
1411,0.08818340
1412,0.09075953
1413,0.11893580
1414,0.10939710
1415,0.09225284
1416,0.09355253
1417,0.10056726
1418,0.09045440
1419,0.09080163
1420,0.10232579
1421,0.10082426
1422,0.11000272
1423,0.10113283
1424,0.09029857
1425,0.09927447
1426,0.10028588
1427,0.10818709
1428,0.11235598
1429,0.09593380
1430,0.10099532
1431,0.11115502
1432,0.10398025
1433,0.10754083
1434,0.10363045
1435,0.09359438
1436,0.09311982
1437,0.11790789
1438,0.09520599
1439,0.09265063
1440,0.09856087
1441,0.10029087
1442,0.11206701
1443,0.09218732
1444,0.10001653
1445,0.10009693
1446,0.10267492
1447,0.09251406
1448,0.10990132
1449,0.11112350
1450,0.10286770
1451,0.11360430
1452,0.10634269
1453,0.09570153
1454,0.10239066
1455,0.10403124
1456,0.11244630
1457,0.09404281
1458,0.11374698
1459,0.09682977
1460,0.10329079
1461,0.10349881
1462,0.10263040
1463,0.11259005
1464,0.16798905
1465,0.10861445
1466,0.10752005
1467,0.10268699
1468,0.10960940
1469,0.10212172
1470,0.09829320
1471,0.09895493
1472,0.09335832
1473,0.09281668
1474,0.11230161
1475,0.11221617
1476,0.11393038
1477,0.09700960
1478,0.10368967
1479,0.13230672
1480,0.10412510
1481,0.09880974
1482,0.10740498
1483,0.11643277
1484,0.10937699
1485,0.09840612
1486,0.10514807
1487,0.09569433
1488,0.11382714
1489,0.11640548
1490,0.11619427
1491,0.12012648
1492,0.10262595
1493,0.09951855
1494,0.10717061
1495,0.10719855
1496,0.10777434
1497,0.10040588
1498,0.10529554
1499,0.11443333
1500,0.10653201
1501,0.10692256
1502,0.10729837
1503,0.11698011
1504,0.11953461
1505,0.10023307
1506,0.11995309
1507,0.11111330
1508,0.10073400
1509,0.10714130
1510,0.11825515
1511,0.11991172
1512,0.10233745
1513,0.09919367
1514,0.10914381
1515,0.11936034
1516,0.11086336
1517,0.10893557
1518,0.09920936
1519,0.12627830
1520,0.10003087
1521,0.11783933
1522,0.13008946
1523,0.12235618
1524,0.10870709
1525,0.11531671
1526,0.10632236
1527,0.10108744
1528,0.10996070
1529,0.11958983
1530,0.13134360
1531,0.11626398
1532,0.11538262
1533,0.10498138
1534,0.11467450
1535,0.10198195
1536,0.10149350
1537,0.12890884
1538,0.14041578
1539,0.12024580
1540,0.11041259
1541,0.15304155
1542,0.11205684
1543,0.12949776
1544,0.11064004
1545,0.13179284
1546,0.11149676
1547,0.11875924
1548,0.10758649
1549,0.12409114
1550,0.11601607
1551,0.10694691
1552,0.11435610
1553,0.10527208
1554,0.11018846
1555,0.15042129
1556,0.10960496
1557,0.11589345
1558,0.10779365
1559,0.10404541
1560,0.12270145
1561,0.12399104
1562,0.12486275
1563,0.11804699
1564,0.11867727
1565,0.12758798
1566,0.13802301
1567,0.12194006
1568,0.11061741
1569,0.11880690
1570,0.15293030
1571,0.11300297
1572,0.11122742
1573,0.12023788
1574,0.10822139
1575,0.11752237
1576,0.13600693
1577,0.11943614
1578,0.13282239
1579,0.11045490
1580,0.11987224
1581,0.10834032
1582,0.12586316
1583,0.13953495
1584,0.12147060
1585,0.12078045
1586,0.13020610
1587,0.12388061
1588,0.12172016
1589,0.12271803
1590,0.13199991
1591,0.13338132
1592,0.11445463
1593,0.12148082
1594,0.12452030
1595,0.13024069
1596,0.12270356
1597,0.13431142
1598,0.12498299
1599,0.12650102
1600,0.11206847
1601,0.11134838
1602,0.11094390
1603,0.14749663
1604,0.14160611
1605,0.12654231
1606,0.12710478
1607,0.13708517
1608,0.11556071
1609,0.12220256
1610,0.14336594
1611,0.12782288
1612,0.12596353
1613,0.12501545
1614,0.11590278
1615,0.13150155
1616,0.11412305
1617,0.11229521
1618,0.14145474
1619,0.13486038
1620,0.12647061
1621,0.12536910
1622,0.13132844
1623,0.11480481
1624,0.12231205
1625,0.13894098
1626,0.15092704
1627,0.13472199
1628,0.13678896
1629,0.12859923
1630,0.12880476
1631,0.12935569
1632,0.14668250
1633,0.14050888
1634,0.12254223
1635,0.12069554
1636,0.11706000
1637,0.12499008
1638,0.13425186
1639,0.13690201
1640,0.12653065
1641,0.15881035
1642,0.12441972
1643,0.12107662
1644,0.12571919
1645,0.12629568
1646,0.12531281
1647,0.12636559
1648,0.11465357
1649,0.14491376
1650,0.12795183
1651,0.13539517
1652,0.13130915
1653,0.13714522
1654,0.14737153
1655,0.12222318
1656,0.16256448
1657,0.12610659
1658,0.13129074
1659,0.15143788
1660,0.12567055
1661,0.12256184
1662,0.15824394
1663,0.13785840
1664,0.13288034
1665,0.12455780
1666,0.13023936
1667,0.14531902
1668,0.12114462
1669,0.13956575
1670,0.12887922
1671,0.12989220
1672,0.14015517
1673,0.13230860
1674,0.13982951
1675,0.13832111
1676,0.13270115
1677,0.12278059
1678,0.14085790
1679,0.13176407
1680,0.13179905
1681,0.15060919
1682,0.15454183
1683,0.12776373
1684,0.12689534
1685,0.13227776
1686,0.21523692
1687,0.14080043
1688,0.14230153
1689,0.13387624
1690,0.13132364
1691,0.13477375
1692,0.14631228
1693,0.14576524
1694,0.14588619
1695,0.14827305
1696,0.14227399
1697,0.12907809
1698,0.13339455
1699,0.12590103
1700,0.13199827
1701,0.16184819
1702,0.13924952
1703,0.13951056
1704,0.13550262
1705,0.14638121
1706,0.14741735
1707,0.13078630
1708,0.13055085
1709,0.13069834
1710,0.14775397
1711,0.15168018
1712,0.14369091
1713,0.14603860
1714,0.14547381
1715,0.14193416
1716,0.12955426
1717,0.14633861
1718,0.13828702
1719,0.13938947
1720,0.14878737
1721,0.16596469
1722,0.14257954
1723,0.14340503
1724,0.15134384
1725,0.15270807
1726,0.13292810
1727,0.14745423
1728,0.14193253
1729,0.13794648
1730,0.13854551
1731,0.14315330
1732,0.13789030
1733,0.13825240
1734,0.14913618
1735,0.16982538
1736,0.13640045
1737,0.13354943
1738,0.14942069
1739,0.15408841
1740,0.13268373
1741,0.12953179
1742,0.12298242
1743,0.12567307
1744,0.12035665
1745,0.11667258
1746,0.12605607
1747,0.11635432
1748,0.11374226
1749,0.11191744
1750,0.11163594
1751,0.11364880
1752,0.12972461
1753,0.12178483
1754,0.11444159
1755,0.11491914
1756,0.11679701
1757,0.11594258
1758,0.11834579
1759,0.12067226
1760,0.11881851
1761,0.11862921
1762,0.15204974
1763,0.14340019
1764,0.11788533
1765,0.11836893
1766,0.11838497
1767,0.11845275
1768,0.11988072
1769,0.15064857
1770,0.11861787
1771,0.11874511
1772,0.13242587
1773,0.12581681
1774,0.11912113
1775,0.11744485
1776,0.15117027
1777,0.11749842
1778,0.12038921
1779,0.11893789
1780,0.11874577
1781,0.12024731
1782,0.11816166
1783,0.14442841
1784,0.11897635
1785,0.11950599
1786,0.21514315
1787,0.18569659
1788,0.11952863
1789,0.11997466
1790,0.12101442
1791,0.12159953
1792,0.12405823
1793,0.12032859
1794,0.12184557
1795,0.12608704
1796,0.12165531
1797,0.12206629
1798,0.12252830
1799,0.17231325
1800,0.12241001
1801,0.12233831
1802,0.12488077
1803,0.12388299
1804,0.12778566
1805,0.12221320
1806,0.24110219
1807,0.11994850
1808,0.12272298
1809,0.17202464
1810,0.12359086
1811,0.13622339
1812,0.20471784
1813,0.12441223
1814,0.12501755
1815,0.12800473
1816,0.14847889
1817,0.12387764
1818,0.12355626
1819,0.14027366
1820,0.12511671
1821,0.14889433
1822,0.12438169
1823,0.12500602
1824,0.12646773
1825,0.12641153
1826,0.12814963
1827,0.12765465
1828,0.12529575
1829,0.16139381
1830,0.25043337
1831,0.12954326
1832,0.12751415
1833,0.12554469
1834,0.12680373
1835,0.12630668
1836,0.12648387
1837,0.12772929
1838,0.12732019
1839,0.12746543
1840,0.12517372
1841,0.12629816
1842,0.12495816
1843,0.12676459
1844,0.12872948
1845,0.12779004
1846,0.15118396
1847,0.12653348
1848,0.12748755
1849,0.12704548
1850,0.12593708
1851,0.12679305
1852,0.12656909
1853,0.12708065
1854,0.12702659
1855,0.12582698
1856,0.12759475
1857,0.12780021
1858,0.15093665
1859,0.12718989
1860,0.12740983
1861,0.12801325
1862,0.12749824
1863,0.12721083
1864,0.12811185
1865,0.12893155
1866,0.12815110
1867,0.13089363
1868,0.13017947
1869,0.13075043
1870,0.12950634
1871,0.12896924
1872,0.12934309
1873,0.12861961
1874,0.12869710
1875,0.12905103
1876,0.18059963
1877,0.13611723
1878,0.13905932
1879,0.14069859
1880,0.13455852
1881,0.13714434
1882,0.15870859
1883,0.56591057
1884,0.20612303
1885,0.12889959
1886,0.13027746
1887,0.13234776
1888,0.13108250
1889,0.13387290
1890,0.13280501
1891,0.13190185
1892,0.12988896
1893,0.13145830
1894,0.12989155
1895,0.13246597
1896,0.13071557
1897,0.13201461
1898,0.13233508
1899,0.13176344
1900,0.12996328
1901,0.13272170
1902,0.13293252
1903,0.13243977
1904,0.13248808
1905,0.13173378
1906,0.13277041
1907,0.30933879
1908,0.16784556
1909,0.13192643
1910,0.12951245
1911,0.25391083
1912,0.13398092
1913,0.13308092
1914,0.13660463
1915,0.13773220
1916,0.13839951
1917,0.18352690
1918,0.13474394
1919,0.13819895
1920,0.13773767
1921,0.13643117
1922,0.13179181
1923,0.13413454
1924,0.23266190
1925,0.31740971
1926,0.24771861
1927,0.16675922
1928,0.19269264
1929,0.27571708
1930,0.16783587
1931,0.17192081
1932,0.15780590
1933,0.15479600
1934,0.14879688
1935,0.17503234
1936,0.20981367
1937,0.16062153
1938,0.15468421
1939,0.15200859
1940,0.18121685
1941,0.14940211
1942,0.14827027
1943,0.14263369
1944,0.13926076
1945,0.13525759
1946,0.13635577
1947,0.13669721
1948,0.14876656
1949,0.16500771
1950,0.13752950
1951,0.13789420
1952,0.13752990
1953,0.13753552
1954,0.13819183
1955,0.13672035
1956,0.13690719
1957,0.14521175
1958,0.14712095
1959,0.14606204
1960,0.14782065
1961,0.14735901
1962,0.14678773
1963,0.14882470
1964,0.14795406
1965,0.14704333
1966,0.14732513
1967,0.15013934
1968,0.15024977
1969,0.14872047
1970,0.14827692
1971,0.14672008
1972,0.14767367
1973,0.14752198
1974,0.14971502
1975,0.14930934
1976,0.15044956
1977,0.15086764
1978,0.15011906
1979,0.15059423
1980,0.14772611
1981,0.15040708
1982,0.14817723
1983,0.15262155
1984,0.14896818
1985,0.15011472
1986,0.15168319
1987,0.14976710
1988,0.14961519
1989,0.15913275
1990,0.15237481
1991,0.15062170
1992,0.15612947
1993,0.37244513
1994,0.21767979
1995,0.48585964
1996,0.29171380
1997,0.17609796
1998,0.15653695
1999,0.15830929
2000,0.20055555
2001,0.23937848
2002,0.16579772
2003,0.16241725
2004,0.15863075
2005,0.15836803
2006,0.15774592
2007,0.14357421
2008,0.14574670
2009,0.14618842
2010,0.15515746
2011,0.14598388
2012,0.14679387
2013,0.15314924
2014,0.15021703
2015,0.15228662
2016,0.15006442
2017,0.14761543
2018,0.14680136
2019,0.17343684
2020,0.15081838
2021,0.34953199
2022,0.24461085
2023,0.16409747
2024,0.15732486
2025,0.15774288
2026,0.15989446
2027,0.20379676
2028,0.15770952
2029,0.16209228
2030,0.16036931
2031,0.18798623
2032,0.16041732
2033,0.15185836
2034,0.16034311
2035,0.15746960
2036,0.15944184
2037,0.16605051
2038,0.16475117
2039,0.25241619
2040,0.16643124
2041,0.16114533
2042,0.16851879
2043,0.16469890
2044,0.17792472
2045,0.22357367
2046,0.18344009
2047,0.17009756
2048,0.16717597
2049,0.16664319
2050,0.17098858
2051,0.17011668
2052,0.16784477
2053,0.17104083
2054,0.17034963
2055,0.31314889
2056,0.17352900
2057,0.15662337
2058,0.15837368
2059,0.20861704
2060,0.15509418
2061,0.15761747
2062,0.15488082
2063,0.15432824
2064,0.22761144
2065,0.18850039
2066,0.15676021
2067,0.19034455
2068,0.16930384
2069,0.16943643
2070,0.17273040
2071,0.17455678
2072,0.17252761
2073,0.17162659
2074,0.17355841
2075,0.23333501
2076,0.16883191
2077,0.29555560
2078,0.22544674
2079,0.15624600
2080,0.16713553
2081,0.20339512
2082,0.15749487
2083,0.15752443
2084,0.15794107
2085,0.15643354
2086,0.15512497
2087,0.15666083
2088,0.15862348
2089,0.17761438
2090,0.20028539
2091,0.20252756
2092,0.15880636
2093,0.17042070
2094,0.15939588
2095,0.15792333
2096,0.16195117
2097,0.16139747
2098,0.16222303
2099,0.16224490
2100,0.16428391
2101,0.16286909
2102,0.16095997
2103,0.18947129
2104,0.27277362
2105,0.16085711
2106,0.16388100
2107,0.16294312
2108,0.16184019
2109,0.22456110
2110,0.17962019
2111,0.17619297
2112,0.17798321
2113,0.17629728
2114,0.17632728
2115,0.17908285
2116,0.17746639
2117,0.21085211
2118,0.18211221
2119,0.22430450
2120,0.18101943
2121,0.18049095
2122,0.18018023
2123,0.18004989
2124,0.18053546
2125,0.18167542
2126,0.24354704
2127,0.26704351
2128,0.33070260
2129,0.16691599
2130,0.16781594
2131,0.17036513
2132,0.17178802
2133,0.17028728
2134,0.17076971
2135,0.16924201
2136,0.16963470
2137,0.17003653
2138,0.35273462
2139,0.19329785
2140,0.16615925
2141,0.21152511
2142,0.17929706
2143,0.17689681
2144,0.17624148
2145,0.17737674
2146,0.17434495
2147,0.26622101
2148,0.18244083
2149,0.18356657
2150,0.18413792
2151,0.18244489
2152,0.18693803
2153,0.18546548
2154,0.18442576
2155,0.18505041
2156,0.18465481
2157,0.25811055
2158,0.31262079
2159,0.17705699
2160,0.17374923
2161,0.17516545
2162,0.17068907
2163,0.17259708
2164,0.17530740
2165,0.17410937
2166,0.21309221
2167,0.26862364
2168,0.21071952
2169,0.18738668
2170,0.18725965
2171,0.18820939
2172,0.25457898
2173,0.18772738
2174,0.18908768
2175,0.18896479
2176,0.19179809
2177,0.18910336
2178,0.18876304
2179,0.18782533
2180,0.19349776
2181,0.18816281
2182,0.18787779
2183,0.19022382
2184,0.30256830
2185,0.20484544
2186,0.17505765
2187,0.30214249
2188,0.20884964
2189,0.20706577
2190,0.18743923
2191,0.19169877
2192,0.20010638
2193,0.18858394
2194,0.19657839
2195,0.19869048
2196,0.20932900
2197,0.18051748
2198,0.29625832
2199,0.18984625
2200,0.19366523
2201,0.17914233
2202,0.17916723
2203,0.18227205
2204,0.18556926
2205,0.19506890
2206,0.19005505
2207,0.19312238
2208,0.22071971
2209,0.28757543
2210,0.19307365
2211,0.21310544
2212,0.19242329
2213,0.19097446
2214,0.19537063
2215,0.28421272
2216,0.19329292
2217,0.19376009
2218,0.19149232
2219,0.18991604
2220,0.19445623
2221,0.19745259
2222,0.20963984
2223,0.19491423
2224,0.19192038
2225,0.19029912
2226,0.19464398
2227,0.19420043
2228,0.33667446
2229,0.19518082
2230,0.19484655
2231,0.19754092
2232,0.19429181
2233,0.19917541
2234,0.20278830
2235,0.20214393
2236,0.19861797
2237,0.22215478
2238,0.20441801
2239,0.20022662
2240,0.18047697
2241,0.41406687
2242,0.18243792
2243,0.18523627
2244,0.34560460
2245,0.19044466
2246,0.18410238
2247,0.22435748
2248,0.21585594
2249,0.18833302
2250,0.18848884
2251,0.21970198
2252,0.18440792
2253,0.31988336
2254,0.19620456
2255,0.18865173
2256,0.19010724
2257,0.20101977
2258,0.19973447
2259,0.19262510
2260,0.20022507
2261,0.19288255
2262,0.19145585
2263,0.19349432
2264,0.27834728
2265,0.25236407
2266,0.21824913
2267,0.18981314
2268,0.22784287
2269,0.19245548
2270,0.20520491
2271,0.22630745
2272,0.19085856
2273,0.19304794
2274,0.19317245
2275,0.18921856
2276,0.19830573
2277,0.28639813
2278,0.19878821
2279,0.20133312
2280,0.19990879
2281,0.20207489
2282,0.20649339
2283,0.27856872
2284,0.25768392
2285,0.20367602
2286,0.20846792
2287,0.20548110
2288,0.21033978
2289,0.27124668
2290,0.19350166
2291,0.25285797
2292,0.20691245
2293,0.20469021
2294,0.20982598
2295,0.34232730
2296,0.20187748
2297,0.20073726
2298,0.20404755
2299,0.20415978
2300,0.26757642
2301,0.21531226
2302,0.19065531
2303,0.20145436
2304,0.19985672
2305,0.30390082
2306,0.22900060
2307,0.20493242
2308,0.19987786
2309,0.26389381
2310,0.19995844
2311,0.20130327
2312,0.21896495
2313,0.21080004
2314,0.22866454
2315,0.20369730
2316,0.19902271
2317,0.19681038
2318,0.20439466
2319,0.19689977
2320,0.20311152
2321,0.24182458
2322,0.35092975
2323,0.22697407
2324,0.21843317
2325,0.25597079
2326,0.22828398
2327,0.20374381
2328,0.21855937
2329,0.26529307
2330,0.21310694
2331,0.22394562
2332,0.22003147
2333,0.25091000
2334,0.22027464
2335,0.21996744
2336,0.22160312
2337,0.21703639
2338,0.21958954
2339,0.25071854
2340,0.21404668
2341,0.40957238
2342,0.21603576
2343,0.22567601
2344,0.22466557
2345,0.21425900
2346,0.20705612
2347,0.20872960
2348,0.20834676
2349,0.25093635
2350,0.20601066
2351,0.20507446
2352,0.23439139
2353,0.22008026
2354,0.22615566
2355,0.22614654
2356,0.28288570
2357,0.22387686
2358,0.22693775
2359,0.22685099
2360,0.22660830
2361,0.22984169
2362,0.22314699
2363,0.35055292
2364,0.30429768
2365,0.22704684
2366,0.22717534
2367,0.22836255
2368,0.22821816
2369,0.22810047
2370,0.33496708
2371,0.28025708
2372,0.22745477
2373,0.25000636
2374,0.23080585
2375,0.23105357
2376,0.22878782
2377,0.22824905
2378,0.23077297
2379,0.23022280
2380,0.22825533
2381,0.23016045
2382,0.26424674
2383,0.22792008
2384,0.20909412
2385,0.26653678
2386,0.24482240
2387,0.41112151
2388,0.21004432
2389,0.21435401
2390,0.21030788
2391,0.21983708
2392,0.24425543
2393,0.21297925
2394,0.21540641
2395,0.21825221
2396,0.21581120
2397,0.21582136
2398,0.21911533
2399,0.21911219
2400,0.21692305
2401,0.21422347
2402,0.31361262
2403,0.23733267
2404,0.21309145
2405,0.21378485
2406,0.21474652
2407,0.21550201
2408,0.44608293
2409,0.21597744
2410,0.31659330
2411,0.24708532
2412,0.21853580
2413,0.22360972
2414,0.24436667
2415,0.25121498
2416,0.21767711
2417,0.22015006
2418,0.24136707
2419,0.21753868
2420,0.22327873
2421,0.22520867
2422,0.25667421
2423,0.22647170
2424,0.22359469
2425,0.22442124
2426,0.22725733
2427,0.22668987
2428,0.22553233
2429,0.22735059
2430,0.22390045
2431,0.22400778
2432,0.21998683
2433,0.23123668
2434,0.22082016
2435,0.21867996
2436,0.22286914
2437,0.22094937
2438,0.22138552
2439,0.46645408
2440,0.22195861
2441,0.22520432
2442,0.22501464
2443,0.22534574
2444,0.34618868
2445,0.22373620
2446,0.22628666
2447,0.46178846
2448,0.23057669
2449,0.30553320
2450,0.22728427
2451,0.23040241
2452,0.28608749
2453,0.23122706
2454,0.27693456
2455,0.22961356
2456,0.22406556
2457,0.22484913
2458,0.23242311
2459,0.25780096
2460,0.22844813
2461,0.22625670
2462,0.26361320
2463,0.33755822
2464,0.22806121
2465,0.33495187
2466,0.26963224
2467,0.24838451
2468,0.26121825
2469,0.23541353
2470,0.24607503
2471,0.24290100
2472,0.24287830
2473,0.23040897
2474,0.25386899
2475,0.22955167
2476,0.22898942
2477,0.32422895
2478,0.24553812
2479,0.22977007
2480,0.23463221
2481,0.25726199
2482,0.23213922
2483,0.23059761
2484,0.23240079
2485,0.23214783
2486,0.22974830
2487,0.22848414
2488,0.23432529
2489,0.23417720
2490,0.23336555
2491,0.23026206
2492,0.23129065
2493,0.22973524
2494,0.23567788
2495,0.23543570
2496,0.23812636
2497,0.62501854
2498,0.33543056
2499,0.23418184
2500,0.23138363
2501,0.23368653
2502,0.28744390
2503,0.23511585
2504,0.31292172
2505,0.23331168
2506,0.23507616
2507,0.23465436
2508,0.23246325
2509,0.22986333
2510,0.24790548
2511,0.25344272
2512,0.25473840
2513,0.36354680
2514,0.26255914
2515,0.25619628
2516,0.26002679
2517,0.25958687
2518,0.25889435
2519,0.25990793
2520,0.32443775
2521,0.23508691
2522,0.23354724
2523,0.23394145
2524,0.23352698
2525,0.23714893
2526,0.23203762
2527,0.23791308
2528,0.23257559
2529,0.23622372
2530,0.23411036
2531,0.23532554
2532,0.23390489
2533,0.23629270
2534,0.23383092
2535,0.23357999
2536,0.23488022
2537,0.46739270
2538,0.23467368
2539,0.41136511
2540,0.26491844
2541,0.23239470
2542,0.39868122
2543,0.23854146
2544,0.23888981
2545,0.23486145
2546,0.23479716
2547,0.23795248
2548,0.23961831
2549,0.23654379
2550,0.23724063
2551,0.23758866
2552,0.23720776
2553,0.23784656
2554,0.23994952
2555,0.23706824
2556,0.23720963
2557,0.23754598
2558,0.23730389
2559,0.23861078
2560,0.23690379
2561,0.23792914
2562,0.23950128
2563,0.24294726
2564,0.23785414
2565,0.23749778
2566,0.23854377
2567,0.24044923
2568,0.24275064
2569,0.25247663
2570,0.24182407
2571,0.23885378
2572,0.23879473
2573,0.24235183
2574,0.24306750
2575,0.24000943
2576,0.28533972
2577,0.24077512
2578,0.24195247
2579,0.23955229
2580,0.24278670
2581,0.38480646
2582,0.25292159
2583,0.27889870
2584,0.31633144
2585,0.25668332
2586,0.25861743
2587,0.25786786
2588,0.25784373
2589,0.25718151
2590,0.25804765
2591,0.25947834
2592,0.25789254
2593,0.26130348
2594,0.26159432
2595,0.26808230
2596,0.27607359
2597,0.25799772
2598,0.25930662
2599,0.25811199
2600,0.25852230
2601,0.26257580
2602,0.26716985
2603,0.25773878
2604,0.26024437
2605,0.25970014
2606,0.25873512
2607,0.26269116
2608,0.25958107
2609,0.26180821
2610,0.26422153
2611,0.25922565
2612,0.26064046
2613,0.26031840
2614,0.42422490
2615,0.24800189
2616,0.24876979
2617,0.24898274
2618,0.25394081
2619,0.24994645
2620,0.24845618
2621,0.25741615
2622,0.24788413
2623,0.24802425
2624,0.25191463
2625,0.27984980
2626,0.24752837
2627,0.24746908
2628,0.24919967
2629,0.29392626
2630,0.25137055
2631,0.25034630
2632,0.25180915
2633,0.26035124
2634,0.25584445
2635,0.27171713
2636,0.26420032
2637,0.26396036
2638,0.26573782
2639,0.26354731
2640,0.26509605
2641,0.26586261
2642,0.26696137
2643,0.26609210
2644,0.26674841
2645,0.27065250
2646,0.26770701
2647,0.26641725
2648,0.26990450
2649,0.26600184
2650,0.26833428
2651,0.27324948
2652,0.26648735
2653,0.26672234
2654,0.26859849
2655,0.28616119
2656,0.37788088
2657,0.26691001
2658,0.26812067
2659,0.26591350
2660,0.27097838
2661,0.27024513
2662,0.27188319
2663,0.27342955
2664,0.27024097
2665,0.27191543
2666,0.27002319
2667,0.27010869
2668,0.27152453
2669,0.27489147
2670,0.27111368
2671,0.27033290
2672,0.27156810
2673,0.27237047
2674,0.27359188
2675,0.27025102
2676,0.27178811
2677,0.27160770
2678,0.27128657
2679,0.27173575
2680,0.33630371
2681,0.25484380
2682,0.26289748
2683,0.25878371
2684,0.26265475
2685,0.25892104
2686,0.26305224
2687,0.26146941
2688,0.27181058
2689,0.26145673
2690,0.26077523
2691,0.26184289
2692,0.26238957
2693,0.27358310
2694,0.26182917
2695,0.26265904
2696,0.33106358
2697,0.26264262
2698,0.26588400
2699,0.26515240
2700,0.26614351
2701,0.26453812
2702,0.26662890
2703,0.31787142
2704,0.28366116
2705,0.25962673
2706,0.26468013
2707,0.28996144
2708,0.28538047
2709,0.28053253
2710,0.27799460
2711,0.28118653
2712,0.27729147
2713,0.27617190
2714,0.27879348
2715,0.28136051
2716,0.28193903
2717,0.27930024
2718,0.28169258
2719,0.27997771
2720,0.27924744
2721,0.28097465
2722,0.28395688
2723,0.28146133
2724,0.28090134
2725,0.27941094
2726,0.28114884
2727,0.28266865
2728,0.28153448
2729,0.28321854
2730,0.28296914
2731,0.47603269
2732,0.26765917
2733,0.26739401
2734,0.27328795
2735,0.26881515
2736,0.41924031
2737,0.27123910
2738,0.26970160
2739,0.26835452
2740,0.27229772
2741,0.30486199
2742,0.26979066
2743,0.26828781
2744,0.27312413
2745,0.27388589
2746,0.26942138
2747,0.26930683
2748,0.27430657
2749,0.27012641
2750,0.27218146
2751,0.27886675
2752,0.27327615
2753,0.27524079
2754,0.27351382
2755,0.27498938
2756,0.27471966
2757,0.27449056
2758,0.27257963
2759,0.28286543
2760,0.27501561
2761,0.27377195
2762,0.27268167
2763,0.27725014
2764,0.27667678
2765,0.27366974
2766,0.27570963
2767,0.27587223
2768,0.27490952
2769,0.27545682
2770,0.27673974
2771,0.27842731
2772,0.27604230
2773,0.27889902
2774,0.27868171
2775,0.27473172
2776,0.40553172
2777,0.28102749
2778,0.28286379
2779,0.27826550
2780,0.28015457
2781,0.27898152
2782,0.27894737
2783,0.27900900
2784,0.27705123
2785,0.28074676
2786,0.28153239
2787,0.27996775
2788,0.27982913
2789,0.27783718
2790,0.28140628
2791,0.27934795
2792,0.28257233
2793,0.27925199
2794,0.28564541
2795,0.28316280
2796,0.28111317
2797,0.28174216
2798,0.28262391
2799,0.28396867
2800,0.28430658
2801,0.28657701
2802,0.28769812
2803,0.28452947
2804,0.28224791
2805,0.28424788
2806,0.28527770
2807,0.28706543
2808,0.33810950
2809,0.28589890
2810,0.28784804
2811,0.28733865
2812,0.29338527
2813,0.28778185
2814,0.28933391
2815,0.30021543
2816,0.29983954
2817,0.30091548
2818,0.31104951
2819,0.31427747
2820,0.31627589
2821,0.30446075
2822,0.30352147
2823,0.30457780
2824,0.30274843
2825,0.31457074
2826,0.31822933
2827,0.31584636
2828,0.32288096
2829,0.31634874
2830,0.31505873
2831,0.31673448
2832,0.31465065
2833,0.31378064
2834,0.31795873
2835,0.31725488
2836,0.31746193
2837,0.31573696
2838,0.31476677
2839,0.31605549
2840,0.31532255
2841,0.31448038
2842,0.31765153
2843,0.43120037
2844,0.30831620
2845,0.32023264
2846,0.32606217
2847,0.31040849
2848,0.30596280
2849,0.30670589
2850,0.31394827
2851,0.30822494
2852,0.31000720
2853,0.30897569
2854,0.31012672
2855,0.30628185
2856,0.30935323
2857,0.31930996
2858,0.30701969
2859,0.30796167
2860,0.30796069
2861,0.30700673
2862,0.31268017
2863,0.30831943
2864,0.30174550
2865,0.30020731
2866,0.29754706
2867,0.29364611
2868,0.29589920
2869,0.29734498
2870,0.42638142
2871,0.29479278
2872,0.29745590
2873,0.29712483
2874,0.29919864
2875,0.29689951
2876,0.29664142
2877,0.29862522
2878,0.30031193
2879,0.29875568
2880,0.30227057
2881,0.29671349
2882,0.30883079
2883,0.30104735
2884,0.30287909
2885,0.29793634
2886,0.30158450
2887,0.30206157
2888,0.29961024
2889,0.30116264
2890,0.31686898
2891,0.32520533
2892,0.32839937
2893,0.32867678
2894,0.32641244
2895,0.32761988
2896,0.32741874
2897,0.32734135
2898,0.32599924
2899,0.32653610
2900,0.32634398
2901,0.33189239
2902,0.32717856
2903,0.33098639
2904,0.32768377
2905,0.38089990
2906,0.30196667
2907,0.30438916
2908,0.31127127
2909,0.30326972
2910,0.30437113
2911,0.30295598
2912,0.30754962
2913,0.32881484
2914,0.30919924
2915,0.30653151
2916,0.30903033
2917,0.30546951
2918,0.30684052
2919,0.30860895
2920,0.30738826
2921,0.30809680
2922,0.30676265
2923,0.30787918
2924,0.30935207
2925,0.30767860
2926,0.30963578
2927,0.31012050
2928,0.31024354
2929,0.31117726
2930,0.31419716
2931,0.30953853
2932,0.31048138
2933,0.30791983
2934,0.31004679
2935,0.31208303
2936,0.30815236
2937,0.30997747
2938,0.31400792
2939,0.30994055
2940,0.31258330
2941,0.31135374
2942,0.31486392
2943,0.31339738
2944,0.37967827
2945,0.31586848
2946,0.31397904
2947,0.31391262
2948,0.31520549
2949,0.31644372
2950,0.32039312
2951,0.32452961
2952,0.31354604
2953,0.31533368
2954,0.32001200
2955,0.31556140
2956,0.31550621
2957,0.31718173
2958,0.31670264
2959,0.31602017
2960,0.31799750
2961,0.31582955
2962,0.31492768
2963,0.31716850
2964,0.31514870
2965,0.31704320
2966,0.31352832
2967,0.31561131
2968,0.31968145
2969,0.31920840
2970,0.31781043
2971,0.31722327
2972,0.31626936
2973,0.31802314
2974,0.31733611
2975,0.32029931
2976,0.32730648
2977,0.32053421
2978,0.36456455
2979,0.33679206
2980,0.34729049
2981,0.34298501
2982,0.31551268
2983,0.32558010
2984,0.32110538
2985,0.32162139
2986,0.32150744
2987,0.32446106
2988,0.31913975
2989,0.32394586
2990,0.32290357
2991,0.32288988
2992,0.32220486
2993,0.32293808
2994,0.32513020
2995,0.32697402
2996,0.32373607
2997,0.32411437
2998,0.32497767
2999,0.32479809
3000,0.32464448
3001,0.32335694
3002,0.32446463
3003,0.32404616
3004,0.32782786
3005,0.32775106
3006,0.32698292
3007,0.38423031
3008,0.34377070
3009,0.32254687
3010,0.33984753
3011,0.32997737
3012,0.47435391
3013,0.33177403
3014,0.32703927
3015,0.33017590
3016,0.33325037
3017,0.32759409
3018,0.32779954
3019,0.32931974
3020,0.32651206
3021,0.32965028
3022,0.33322329
3023,0.33092172
3024,0.32966562
3025,0.33248031
3026,0.33313544
3027,0.33171547
3028,0.33282974
3029,0.33035422
3030,0.33961537
3031,0.34999996
3032,0.32901968
3033,0.33133795
3034,0.33409751
3035,0.33790775
3036,0.33384501
3037,0.33499251
3038,0.33622330
3039,0.34079421
3040,0.33927545
3041,0.33464988
3042,0.33703223
3043,0.33651570
3044,0.33668012
3045,0.33983398
3046,0.36376256
3047,0.34174952
3048,0.34078766
3049,0.34137247
3050,0.33957761
3051,0.34482571
3052,0.34271696
3053,0.34005551
3054,0.34123276
3055,0.34139515
3056,0.33847150
3057,0.33966306
3058,0.34138006
3059,0.34098829
3060,0.33940173
3061,0.34253697
3062,0.34014601
3063,0.33806143
3064,0.34678979
3065,0.34089146
3066,0.34520934
3067,0.34494106
3068,0.34903922
3069,0.34441876
3070,0.34474003
3071,0.34392723
3072,0.34487803
3073,0.34029600
3074,0.34319890
3075,0.34539804
3076,0.34629280
3077,0.34538263
3078,0.34616539
3079,0.34688429
3080,0.34613571
3081,0.34651787
3082,0.34159675
3083,0.45695776
3084,0.37256492
3085,0.33307927
3086,0.34298207
3087,0.34389741
3088,0.34445326
3089,0.35501543
3090,0.36174006
3091,0.36163570
3092,0.34513185
3093,0.34677351
3094,0.34835793
3095,0.34602880
3096,0.34767119
3097,0.35172414
3098,0.34850767
3099,0.34647693
3100,0.34807944
3101,0.35212659
3102,0.35101563
3103,0.35216533
3104,0.34950695
3105,0.35193268
3106,0.35171205
3107,0.35316059
3108,0.40079269
3109,0.35244277
3110,0.35427913
3111,0.35274761
3112,0.39241752
3113,0.34847042
3114,0.34814839
3115,0.35176357
3116,0.35063609
3117,0.35233352
3118,0.35070745
3119,0.35257285
3120,0.35087526
3121,0.42722267
3122,0.35392336
3123,0.35094369
3124,0.35131792
3125,0.36081483
3126,0.37318752
3127,0.37291471
3128,0.34970429
3129,0.35442291
3130,0.35412125
3131,0.35184849
3132,0.35644873
3133,0.35169533
3134,0.35004733
3135,0.35378465
3136,0.35864741
3137,0.35475220
3138,0.35751382
3139,0.45210983
3140,0.37112179
3141,0.37385295
3142,0.38252217
3143,0.39022562
3144,0.39170532
3145,0.38961787
3146,0.38984328
3147,0.38675502
3148,0.38628869
3149,0.39019573
3150,0.38724532
3151,0.39078400
3152,0.38830719
3153,0.37381373
3154,0.41164361
3155,0.35963101
3156,0.36561487
3157,0.39215202
3158,0.35932677
3159,0.36002156
3160,0.35939711
3161,0.36056811
3162,0.35911047
3163,0.35817933
3164,0.36127800
3165,0.36347088
3166,0.36252348
3167,0.36440016
3168,0.39732700
3169,0.38513181
3170,0.36635204
3171,0.36714736
3172,0.36614782
3173,0.36292078
3174,0.36721511
3175,0.36341598
3176,0.36557095
3177,0.36634646
3178,0.36655988
3179,0.36738718
3180,0.36443267
3181,0.36697407
3182,0.36616824
3183,0.36551681
3184,0.36941418
3185,0.36735943
3186,0.37286489
3187,0.36944453
3188,0.36674642
3189,0.37066365
3190,0.36884928
3191,0.36965891
3192,0.36732018
3193,0.36986632
3194,0.44141491
3195,0.39697286
3196,0.39904771
3197,0.40152038
3198,0.39728353
3199,0.40139995
3200,0.40494954
3201,0.39675333
3202,0.40073022
3203,0.39928707
3204,0.40114244
3205,0.40266570
3206,0.40476567
3207,0.40133439
3208,0.39660237
3209,0.39927553
3210,0.39935466
3211,0.39952512
3212,0.39929291
3213,0.40060770
3214,0.40138080
3215,0.39873186
3216,0.39943710
3217,0.39660290
3218,0.39897317
3219,0.40132642
3220,0.39667004
3221,0.40251749
3222,0.40218392
3223,0.40499340
3224,0.40051238
3225,0.40008251
3226,0.40196501
3227,0.40450702
3228,0.40455838
3229,0.40601759
3230,0.40272593
3231,0.40276103
3232,0.44979498
3233,0.40218621
3234,0.40593938
3235,0.40173883
3236,0.40411674
3237,0.40235702
3238,0.40584437
3239,0.40698022
3240,0.40561348
3241,0.40524257
3242,0.40173917
3243,0.40593307
3244,0.40696857
3245,0.40625713
3246,0.40727163
3247,0.37717659
3248,0.37550992
3249,0.38105635
3250,0.37711348
3251,0.38078965
3252,0.37733999
3253,0.37829153
3254,0.38325034
3255,0.38873474
3256,0.38240427
3257,0.37912086
3258,0.38161629
3259,0.38182821
3260,0.38263767
3261,0.38203017
3262,0.37914265
3263,0.38489285
3264,0.38303064
3265,0.38314854
3266,0.38353359
3267,0.38482987
3268,0.38922164
3269,0.38859337
3270,0.38820513
3271,0.38588240
3272,0.44893093
3273,0.38737536
3274,0.38707898
3275,0.46533762
3276,0.40177343
3277,0.40916611
3278,0.40680556
3279,0.39657850
3280,0.38621682
3281,0.38892062
3282,0.39981304
3283,0.39309665
3284,0.38622125
3285,0.39195635
3286,0.39032012
3287,0.39098908
3288,0.38904511
3289,0.39019973
3290,0.39019897
3291,0.38771062
3292,0.38675881
3293,0.38658319
3294,0.39001086
3295,0.39161567
3296,0.38813399
3297,0.39082978
3298,0.38945154
3299,0.39162559
3300,0.39165491
3301,0.41031559
3302,0.38883247
3303,0.39009996
3304,0.39053344
3305,0.39105675
3306,0.39324882
3307,0.39137103
3308,0.39213098
3309,0.39287872
3310,0.41844777
3311,0.41464253
3312,0.46664457
3313,0.39461833
3314,0.40028828
3315,0.39773831
3316,0.39632796
3317,0.39274363
3318,0.39680404
3319,0.40026190
3320,0.39554892
3321,0.40282237
3322,0.39621456
3323,0.39478760
3324,0.39848595
3325,0.40542043
3326,0.40253422
3327,0.41477953
3328,0.43621261
3329,0.43290235
3330,0.43612577
3331,0.42392693
3332,0.43811859
3333,0.43989962
3334,0.44417378
3335,0.43120871
3336,0.43392537
3337,0.43551902
3338,0.43455196
3339,0.41835697
3340,0.41899214
3341,0.42053454
3342,0.42349678
3343,0.42204957
3344,0.42171342
3345,0.42361767
3346,0.42608576
3347,0.43309089
3348,0.43062376
3349,0.42565338
3350,0.46801504
3351,0.42746820
3352,0.42872015
3353,0.42552348
3354,0.42615809
3355,0.42619504
3356,0.42763304
3357,0.42639283
3358,0.42843153
3359,0.42605197
3360,0.43009766
3361,0.43181376
3362,0.43117275
3363,0.43027802
3364,0.42827709
3365,0.42793527
3366,0.43081986
3367,0.42809424
3368,0.42786037
3369,0.42566797
3370,0.42936335
3371,0.42793336
3372,0.43179679
3373,0.42878086
3374,0.40280204
3375,0.40744200
3376,0.45624824
3377,0.44018561
3378,0.44164660
3379,0.42611645
3380,0.44024670
3381,0.44771973
3382,0.40059195
3383,0.41088912
3384,0.41008788
3385,0.41049457
3386,0.41485268
3387,0.40780974
3388,0.50610407
3389,0.41351339
3390,0.41479449
3391,0.41305417
3392,0.41784294
3393,0.41514069
3394,0.41056778
3395,0.41518201
3396,0.41858434
3397,0.41295105
3398,0.41691968
3399,0.41942024
3400,0.41480654
3401,0.42094522
3402,0.41646113
3403,0.41830331
3404,0.41539881
3405,0.42741361
3406,0.43402455
3407,0.43868105
3408,0.43666144
3409,0.47364252
3410,0.42292866
3411,0.44485080
3412,0.44359265
3413,0.43788104
3414,0.44520900
3415,0.43842442
3416,0.44160429
3417,0.43953838
3418,0.44211288
3419,0.43835964
3420,0.44203780
3421,0.44002503
3422,0.44465431
3423,0.43966539
3424,0.44192532
3425,0.44313082
3426,0.44321167
3427,0.53092010
3428,0.44528924
3429,0.44237721
3430,0.43942976
3431,0.44752528
3432,0.44693627
3433,0.44268939
3434,0.44236904
3435,0.44508599
3436,0.44909813
3437,0.44596194
3438,0.44721925
3439,0.44544514
3440,0.45603152
3441,0.45571526
3442,0.45762040
3443,0.45858375
3444,0.45925079
3445,0.46285548
3446,0.46297326
3447,0.42397325
3448,0.42143107
3449,0.42435617
3450,0.42303506
3451,0.42822136
3452,0.42577619
3453,0.42280260
3454,0.42505912
3455,0.42227961
3456,0.42485364
3457,0.42507813
3458,0.42160584
3459,0.42523733
3460,0.42536427
3461,0.42602264
3462,0.42820562
3463,0.42606068
3464,0.42753777
3465,0.42875875
3466,0.43916423
3467,0.43116347
3468,0.43145764
3469,0.43497671
3470,0.43169952
3471,0.43210580
3472,0.43462957
3473,0.43137689
3474,0.43297387
3475,0.44217230
3476,0.46036674
3477,0.45692652
3478,0.45505987
3479,0.45622937
3480,0.45200923
3481,0.45616871
3482,0.45873957
3483,0.45665832
3484,0.46082908
3485,0.46579656
3486,0.46130268
3487,0.45613775
3488,0.45787496
3489,0.47410650
3490,0.47591545
3491,0.47172073
3492,0.47249313
3493,0.47947148
3494,0.47254821
3495,0.47789958
3496,0.47987172
3497,0.47444030
3498,0.47820192
3499,0.47533316
3500,0.47108266
3501,0.47383303
3502,0.47553245
3503,0.48351809
3504,0.47818341
3505,0.49708449
3506,0.44055981
3507,0.45396827
3508,0.46449849
3509,0.46298206
3510,0.46254149
3511,0.46369546
3512,0.43937272
3513,0.44128691
3514,0.44110918
3515,0.44179394
3516,0.44937242
3517,0.44489826
3518,0.44569275
3519,0.44387494
3520,0.44854661
3521,0.44481005
3522,0.44328886
3523,0.44789501
3524,0.44686175
3525,0.44075927
3526,0.44657592
3527,0.46401840
3528,0.44317698
3529,0.44815510
3530,0.44650540
3531,0.44657796
3532,0.44511810
3533,0.44648853
3534,0.45129180
3535,0.44874689
3536,0.44810668
3537,0.45316083
3538,0.45226487
3539,0.44426672
3540,0.44876140
3541,0.45154463
3542,0.44968106
3543,0.44846345
3544,0.46289467
3545,0.47047053
3546,0.48783560
3547,0.48847222
3548,0.49120822
3549,0.49078356
3550,0.48749739
3551,0.48636316
3552,0.49433767
3553,0.48771943
3554,0.49127230
3555,0.49479068
3556,0.49459777
3557,0.48965822
3558,0.48971707
3559,0.49210700
3560,0.45996053
3561,0.45689062
3562,0.45164168
3563,0.45858022
3564,0.46185461
3565,0.46673560
3566,0.47152190
3567,0.48172620
3568,0.48969984
3569,0.49278328
3570,0.49345569
3571,0.49675695
3572,0.49437116
3573,0.49486755
3574,0.49281354
3575,0.49844520
3576,0.49649314
3577,0.49691244
3578,0.49124132
3579,0.49599269
3580,0.49637194
3581,0.49482765
3582,0.50006617
3583,0.54218814
3584,0.47093961
3585,0.48879747
3586,0.48073589
3587,0.48578710
3588,0.45578459
3589,0.47496118
3590,0.49184752
3591,0.48378955
3592,0.48488522
3593,0.48362469
3594,0.54078905
3595,0.49860816
3596,0.49768529
3597,0.49926376
3598,0.49779309
3599,0.49854205
3600,0.50060805
3601,0.50152335
3602,0.50049542
3603,0.49832945
3604,0.50467738
3605,0.50455713
3606,0.48888931
3607,0.50006233
3608,0.49469228
3609,0.45939746
3610,0.46643543
3611,0.47950927
3612,0.48847522
3613,0.49236191
3614,0.49330696
3615,0.49095999
3616,0.49124651
3617,0.49108179
3618,0.49765228
3619,0.55157957
3620,0.49525609
3621,0.49362156
3622,0.49169988
3623,0.49330260
3624,0.49390927
3625,0.49657308
3626,0.49334586
3627,0.49508033
3628,0.49768431
3629,0.49777188
3630,0.49488948
3631,0.46747954
3632,0.47323129
3633,0.47130330
3634,0.47415467
3635,0.48431635
3636,0.47380703
3637,0.47856052
3638,0.47311268
3639,0.47532668
3640,0.48015826
3641,0.47782764
3642,0.47852755
3643,0.47951820
3644,0.47776170
3645,0.47727389
3646,0.47874047
3647,0.47498813
3648,0.47803813
3649,0.47999729
3650,0.48073559
3651,0.48830800
3652,0.47845081
3653,0.48049178
3654,0.47962196
3655,0.47998211
3656,0.48061210
3657,0.47780738
3658,0.50011004
3659,0.48780939
3660,0.47821174
3661,0.48415696
3662,0.48536563
3663,0.48463148
3664,0.48608331
3665,0.51488482
3666,0.48749106
3667,0.48904873
3668,0.48733021
3669,0.49307389
3670,0.49235233
3671,0.48946753
3672,0.48794087
3673,0.49091595
3674,0.48546964
3675,0.48845866
3676,0.49130277
3677,0.48891648
3678,0.49071107
3679,0.48769657
3680,0.48994605
3681,0.49333142
3682,0.48957556
3683,0.49195147
3684,0.49371971
3685,0.49183588
3686,0.49133653
3687,0.49366025
3688,0.49641073
3689,0.48903142
3690,0.49262487
3691,0.50265912
3692,0.49366951
3693,0.51349078
3694,0.59068094
3695,0.52720372
3696,0.53272816
3697,0.53247279
3698,0.53314643
3699,0.53544870
3700,0.48827468
3701,0.48925879
3702,0.50882429
3703,0.51683410
3704,0.51871779
3705,0.51855061
3706,0.49485214
3707,0.49257616
3708,0.49858455
3709,0.49624410
3710,0.49363459
3711,0.49909581
3712,0.49852605
3713,0.51602198
3714,0.52101536
3715,0.52496715
3716,0.52075745
3717,0.52463946
3718,0.52129755
3719,0.52024695
3720,0.52544177
3721,0.52715060
3722,0.51866842
3723,0.52328740
3724,0.52265483
3725,0.52432369
3726,0.52487154
3727,0.52389336
3728,0.52557774
3729,0.52050204
3730,0.57091929
3731,0.49868596
3732,0.50184082
3733,0.49797146
3734,0.49479868
3735,0.51699415
3736,0.53628636
3737,0.53822016
3738,0.54376245
3739,0.53805154
3740,0.54038465
3741,0.54169589
3742,0.53772127
3743,0.53842915
3744,0.53798646
3745,0.54230112
3746,0.54179269
3747,0.54399963
3748,0.54231940
3749,0.54652936
3750,0.54109418
3751,0.53780402
3752,0.54298611
3753,0.53788088
3754,0.54194728
3755,0.54617238
3756,0.54432860
3757,0.54296429
3758,0.54332707
3759,0.54644525
3760,0.54533846
3761,0.54394804
3762,0.54464508
3763,0.55137744
3764,0.54611463
3765,0.54545635
3766,0.54090879
3767,0.51133140
3768,0.57478900
3769,0.53159886
3770,0.53425493
3771,0.53526285
3772,0.54312568
3773,0.54058656
3774,0.49870524
3775,0.51479670
3776,0.51030957
3777,0.51212957
3778,0.50827573
3779,0.51341806
3780,0.51134050
3781,0.50849072
3782,0.51992502
3783,0.52388228
3784,0.51291810
3785,0.51012329
3786,0.51666991
3787,0.51148583
3788,0.53508738
3789,0.51705395
3790,0.52162348
3791,0.52393722
3792,0.51686023
3793,0.51989740
3794,0.52297222
3795,0.55543983
3796,0.54430182
3797,0.54811472
3798,0.54511089
3799,0.54745290
3800,0.54714829
3801,0.54397132
3802,0.55576895
3803,0.54350714
3804,0.55012690
3805,0.52225738
3806,0.52108313
3807,0.52930287
3808,0.54055281
3809,0.55800102
3810,0.55185094
3811,0.57692067
3812,0.52380432
3813,0.55135208
3814,0.58218910
3815,0.56554619
3816,0.55994396
3817,0.57737357
3818,0.57431319
3819,0.58082848
3820,0.57942738
3821,0.56262186
3822,0.57257283
3823,0.56325318
3824,0.56378278
3825,0.57927336
3826,0.56408534
3827,0.57941388
3828,0.55958362
3829,0.56236538
3830,0.56776640
3831,0.56468925
3832,0.56785434
3833,0.55674570
3834,0.56768198
3835,0.57109229
3836,0.55352668
3837,0.55352175
3838,0.56165381
3839,0.55754436
3840,0.55148876
3841,0.60550243
3842,0.58951680
3843,0.57258661
3844,0.56849252
3845,0.57371915
3846,0.57013457
3847,0.57017140
3848,0.58374480
3849,0.57114313
3850,0.58070800
3851,0.57128114
3852,0.56290888
3853,0.52418012
3854,0.52890880
3855,0.52395976
3856,0.54506671
3857,0.52736550
3858,0.53362986
3859,0.52871544
3860,0.52648757
3861,0.53085237
3862,0.54301684
3863,0.52867805
3864,0.57287582
3865,0.57253500
3866,0.57490627
3867,0.58357141
3868,0.54801260
3869,0.54302962
3870,0.55164934
3871,0.55843304
3872,0.53935867
3873,0.55306469
3874,0.56163742
3875,0.55559130
3876,0.54067654
3877,0.62501491
3878,0.55619418
3879,0.56428963
3880,0.56836967
3881,0.56276842
3882,0.56967997
3883,0.56941263
3884,0.56938663
3885,0.56666696
3886,0.56637199
3887,0.56605686
3888,0.56986779
3889,0.57651522
3890,0.57421822
3891,0.57496853
3892,0.57472373
3893,0.57472107
3894,0.57619839
3895,0.57611568
3896,0.57565185
3897,0.58454635
3898,0.57213280
3899,0.57954391
3900,0.54612954
3901,0.54216993
3902,0.54984221
3903,0.54522647
3904,0.54189561
3905,0.54695122
3906,0.54866649
3907,0.55286602
3908,0.54938343
3909,0.55146583
3910,0.55750189
3911,0.54909370
3912,0.55364007
3913,0.60096568
3914,0.57329100
3915,0.57772661
3916,0.57903437
3917,0.57965440
3918,0.57769929
3919,0.57801273
3920,0.57994948
3921,0.58052764
3922,0.57554247
3923,0.58153103
3924,0.58261470
3925,0.57825904
3926,0.58140167
3927,0.59950567
3928,0.59863209
3929,0.57714542
3930,0.55172409
3931,0.55916383
3932,0.55523763
3933,0.55153608
3934,0.55615134
3935,0.55763425
3936,0.54985601
3937,0.55316299
3938,0.55317827
3939,0.55626413
3940,0.56066717
3941,0.55736986
3942,0.55401973
3943,0.55814555
3944,0.55599406
3945,0.58482596
3946,0.58325649
3947,0.59018218
3948,0.59017795
3949,0.60578712
3950,0.59008272
3951,0.60677199
3952,0.58497077
3953,0.59300403
3954,0.59243807
3955,0.59187391
3956,0.59247893
3957,0.59510170
3958,0.59540532
3959,0.58908577
3960,0.59073623
3961,0.59567960
3962,0.58811061
3963,0.60455041
3964,0.59498577
3965,0.59638875
3966,0.59850605
3967,0.59448965
3968,0.59523133
3969,0.59816042
3970,0.59322758
3971,0.59539671
3972,0.60010735
3973,0.59535812
3974,0.59047377
3975,0.59999709
3976,0.60076709
3977,0.59554057
3978,0.60010429
3979,0.59732722
3980,0.59776563
3981,0.60614561
3982,0.58710640
3983,0.60008841
3984,0.59736933
3985,0.61376904
3986,0.60037573
3987,0.60017279
3988,0.59501053
3989,0.60568952
3990,0.60126872
3991,0.59904236
3992,0.59852633
3993,0.60495834
3994,0.59589708
3995,0.59702717
3996,0.59859041
3997,0.59614642
3998,0.60856494
3999,0.56977842
4000,0.57675127
4001,0.57126415
4002,0.57847267
4003,0.62040069
4004,0.61776791
4005,0.62433133
4006,0.61966182
4007,0.62467143
4008,0.62246206
4009,0.62255419
4010,0.62126314
4011,0.57592491
4012,0.57407482
4013,0.57370977
4014,0.57669730
4015,0.57820767
4016,0.57854929
4017,0.59790462
4018,0.61179560
4019,0.61155194
4020,0.61818524
4021,0.61023775
4022,0.61402450
4023,0.61401249
4024,0.61892405
4025,0.60592418
4026,0.60564379
4027,0.60948302
4028,0.61272369
4029,0.61190438
4030,0.61235291
4031,0.62412780
4032,0.61336536
4033,0.61759195
4034,0.61397746
4035,0.62066547
4036,0.61815557
4037,0.61783983
4038,0.61441307
4039,0.61811217
4040,0.62538586
4041,0.61498493
4042,0.61922937
4043,0.63350098
4044,0.61665389
4045,0.61390688
4046,0.63411683
4047,0.62125736
4048,0.60962508
4049,0.61753578
4050,0.61202854
4051,0.62406750
4052,0.63405791
4053,0.61954278
4054,0.61728340
4055,0.61991907
4056,0.66395666
4057,0.61972507
4058,0.61674462
4059,0.62129757
4060,0.57617012
4061,0.58745278
4062,0.59158078
4063,0.59018860
4064,0.59181113
4065,0.59082354
4066,0.59157685
4067,0.60358083
4068,0.62193128
4069,0.61970923
4070,0.62115318
4071,0.62447226
4072,0.62236473
4073,0.62484283
4074,0.62250003
4075,0.62545148
4076,0.62242013
4077,0.62126408
4078,0.62534062
4079,0.62274487
4080,0.62369113
4081,0.62155439
4082,0.63827493
4083,0.62390031
4084,0.64119481
4085,0.62705207
4086,0.62506692
4087,0.63929137
4088,0.63118584
4089,0.63695462
4090,0.63043611
4091,0.62745824
4092,0.66420835
4093,0.64389337
4094,0.64392629
4095,0.64854848
4096,0.65011660
4097,0.63664486
4098,0.63454566
4099,0.63459295
4100,0.63601586
4101,0.63845231
4102,0.63814859
4103,0.63631572
4104,0.59032612
4105,0.59812546
4106,0.62492792
4107,0.65569311
4108,0.64834704
4109,0.64969850
4110,0.65237548
4111,0.65263532
4112,0.65283014
4113,0.64731024
4114,0.65443794
4115,0.65570676
4116,0.66041774
4117,0.60705209
4118,0.65018923
4119,0.61577092
4120,0.60666008
4121,0.63956702
4122,0.65990393
4123,0.65033374
4124,0.65641247
4125,0.64975677
4126,0.65078468
4127,0.66487013
4128,0.66410791
4129,0.67036111
4130,0.66178437
4131,0.66747163
4132,0.65924468
4133,0.65469240
4134,0.66094909
4135,0.66414507
4136,0.65848910
4137,0.66776023
4138,0.65886308
4139,0.66034010
4140,0.65705562
4141,0.65725419
4142,0.65303992
4143,0.65515263
4144,0.66437093
4145,0.66199951
4146,0.65956026
4147,0.66012525
4148,0.65691640
4149,0.65899073
4150,0.66314940
4151,0.66520187
4152,0.63924857
4153,0.60962961
4154,0.64960857
4155,0.64331916
4156,0.64152972
4157,0.61015335
4158,0.61926861
4159,0.61496415
4160,0.62142210
4161,0.61980393
4162,0.61955930
4163,0.62955158
4164,0.61978946
4165,0.61718401
4166,0.62186399
4167,0.62731800
4168,0.62178933
4169,0.65718501
4170,0.66645810
4171,0.67185696
4172,0.66690967
4173,0.66783313
4174,0.67542658
4175,0.66973714
4176,0.66569144
4177,0.66713579
4178,0.67042552
4179,0.67270207
4180,0.66734980
4181,0.67577249
4182,0.67263127
4183,0.66660798
4184,0.66953453
4185,0.66787820
4186,0.67142965
4187,0.66831060
4188,0.65410768
4189,0.65294815
4190,0.67016230
4191,0.64955861
4192,0.66423076
4193,0.67243832
4194,0.67377499
4195,0.67129255
4196,0.67728771
4197,0.67543436
4198,0.67390201
4199,0.67782360
4200,0.67908353
4201,0.67519176
4202,0.67899698
4203,0.68045614
4204,0.67849092
4205,0.68083647
4206,0.67662752
4207,0.68278310
4208,0.68078606
4209,0.67506548
4210,0.67749573
4211,0.67920942
4212,0.67725722
4213,0.67361557
4214,0.68019074
4215,0.68353450
4216,0.67951892
4217,0.68271532
4218,0.69443009
4219,0.66119206
4220,0.67060702
4221,0.68458754
4222,0.69677860
4223,0.68583584
4224,0.68510455
4225,0.68638320
4226,0.68305331
4227,0.68836902
4228,0.70130085
4229,0.68750725
4230,0.68573195
4231,0.69535292
4232,0.68602064
4233,0.69188689
4234,0.68999716
4235,0.68670343
4236,0.68899740
4237,0.68514467
4238,0.68307793
4239,0.69421626
4240,0.68746960
4241,0.69362884
4242,0.68755080
4243,0.68739703
4244,0.68854229
4245,0.69219971
4246,0.69240724
4247,0.68903255
4248,0.66967021
4249,0.64187878
4250,0.66088869
4251,0.67582884
4252,0.67349497
4253,0.67325414
4254,0.67261821
4255,0.67447224
4256,0.67680405
4257,0.67419960
4258,0.66123328
4259,0.64335957
4260,0.64575864
4261,0.64436757
4262,0.64426710
4263,0.65019567
4264,0.64904220
4265,0.64489306
4266,0.65046399
4267,0.64617312
4268,0.64882637
4269,0.65191732
4270,0.65237585
4271,0.65142863
4272,0.65169818
4273,0.66329995
4274,0.65461065
4275,0.64972781
4276,0.65358051
4277,0.65154118
4278,0.65477917
4279,0.65669606
4280,0.65810152
4281,0.66915159
4282,0.65164911
4283,0.65652694
4284,0.65524400
4285,0.65664431
4286,0.65805668
4287,0.65718592
4288,0.65847309
4289,0.67887916
4290,0.69369612
4291,0.69623211
4292,0.69794148
4293,0.70319181
4294,0.71700218
4295,0.69602979
4296,0.69514345
4297,0.68407834
4298,0.67645085
4299,0.70096805
4300,0.71487035
4301,0.71263816
4302,0.71711686
4303,0.71331335
4304,0.71522213
4305,0.71706496
4306,0.71214224
4307,0.71020037
4308,0.71603170
4309,0.71642800
4310,0.71520593
4311,0.72010781
4312,0.71551460
4313,0.70992075
4314,0.70889780
4315,0.69629691
4316,0.69990205
4317,0.69761308
4318,0.69914604
4319,0.70004743
4320,0.69565550
4321,0.69513751
4322,0.69821498
4323,0.70078923
4324,0.69343612
4325,0.70039723
4326,0.69340007
4327,0.70243911
4328,0.70118664
4329,0.70480509
4330,0.73746244
4331,0.70545382
4332,0.70138588
4333,0.69968834
4334,0.70279621
4335,0.70729353
4336,0.70843508
4337,0.78034276
4338,0.70347622
4339,0.70702158
4340,0.70135449
4341,0.70549034
4342,0.70850649
4343,0.70601522
4344,0.70555560
4345,0.70689526
4346,0.72205510
4347,0.73510365
4348,0.70899356
4349,0.68935581
4350,0.69914504
4351,0.70654083
4352,0.73171712
4353,0.67008532
4354,0.67892906
4355,0.67626910
4356,0.67439321
4357,0.67791909
4358,0.67148362
4359,0.67827759
4360,0.72651229
4361,0.73107485
4362,0.75511316
4363,0.73625759
4364,0.72937237
4365,0.72994693
4366,0.74893249
4367,0.73373110
4368,0.72873872
4369,0.73164817
4370,0.73024704
4371,0.73490612
4372,0.73731280
4373,0.76258705
4374,0.69176470
4375,0.68074898
4376,0.68134692
4377,0.72095502
4378,0.73551772
4379,0.73459085
4380,0.73804790
4381,0.73468758
4382,0.67033117
4383,0.68042618
4384,0.68964329
4385,0.68397649
4386,0.68743299
4387,0.68841582
4388,0.68114411
4389,0.68657452
4390,0.69110202
4391,0.68282733
4392,0.69445055
4393,0.69673726
4394,0.68292728
4395,0.69538161
4396,0.69100278
4397,0.69423051
4398,0.68740471
4399,0.69129475
4400,0.68591527
4401,0.72599980
4402,0.69545854
4403,0.75612095
4404,0.69914295
4405,0.70442376
4406,0.69730681
4407,0.69831091
4408,0.69720312
4409,0.69768937
4410,0.69571355
4411,0.69299541
4412,0.69776067
4413,0.69920565
4414,0.69736182
4415,0.69789890
4416,0.70011247
4417,0.70332135
4418,0.70040037
4419,0.70396282
4420,0.74323136
4421,0.74421994
4422,0.72253289
4423,0.69780098
4424,0.70442080
4425,0.71038343
4426,0.70470994
4427,0.70734900
4428,0.70454065
4429,0.70595446
4430,0.70281214
4431,0.70507197
4432,0.70560517
4433,0.70069661
4434,0.71224253
4435,0.73844571
4436,0.75877918
4437,0.74455874
4438,0.74714139
4439,0.74209760
4440,0.74559606
4441,0.74490333
4442,0.74443273
4443,0.74010657
4444,0.74814263
4445,0.74725932
4446,0.74440340
4447,0.74608589
4448,0.71012072
4449,0.73469113
4450,0.74426211
4451,0.74298140
4452,0.74636750
4453,0.74210091
4454,0.74619990
4455,0.74351829
4456,0.74653256
4457,0.74870491
4458,0.75048297
4459,0.74937674
4460,0.74397642
4461,0.74607517
4462,0.75857675
4463,0.75088945
4464,0.76204664
4465,0.76804390
4466,0.76920344
4467,0.76899177
4468,0.77405768
4469,0.76342807
4470,0.81442086
4471,0.77368906
4472,0.76588711
4473,0.76770790
4474,0.76348545
4475,0.76518349
4476,0.76265798
4477,0.76896522
4478,0.76819134
4479,0.76655507
4480,0.76001804
4481,0.76435342
4482,0.76239413
4483,0.76875390
4484,0.76081170
4485,0.76864747
4486,0.77327755
4487,0.76557335
4488,0.76599851
4489,0.76766271
4490,0.76974517
4491,0.76513724
4492,0.77112792
4493,0.77758367
4494,0.77514665
4495,0.77084697
4496,0.77277774
4497,0.77917631
4498,0.76622159
4499,0.75717508
4500,0.72112261
4501,0.72103051
4502,0.72209479
4503,0.71880639
4504,0.74539946
4505,0.76938765
4506,0.75382163
4507,0.71822011
4508,0.72476226
4509,0.72683666
4510,0.72334928
4511,0.72466105
4512,0.72293799
4513,0.72957766
4514,0.72648279
4515,0.72764393
4516,0.73672988
4517,0.72231947
4518,0.72650104
4519,0.72530280
4520,0.73162486
4521,0.73717563
4522,0.72999465
4523,0.73799286
4524,0.73228823
4525,0.73684738
4526,0.75809241
4527,0.73206953
4528,0.73883158
4529,0.73417537
4530,0.73638395
4531,0.74116517
4532,0.74261934
4533,0.73383702
4534,0.73597103
4535,0.74377972
4536,0.73773990
4537,0.78185903
4538,0.77498590
4539,0.78008368
4540,0.74994098
4541,0.74035335
4542,0.74191730
4543,0.73735030
4544,0.74030690
4545,0.73968594
4546,0.74577356
4547,0.73912875
4548,0.74525446
4549,0.74025670
4550,0.74040142
4551,0.74229515
4552,0.77981093
4553,0.80123799
4554,0.80365373
4555,0.80151342
4556,0.80477491
4557,0.80798789
4558,0.80043011
4559,0.80124697
4560,0.79768842
4561,0.79816427
4562,0.80160225
4563,0.80030546
4564,0.79595869
4565,0.75451890
4566,0.77628517
4567,0.78212130
4568,0.78163002
4569,0.78518619
4570,0.79876622
4571,0.78341117
4572,0.78814231
4573,0.78634126
4574,0.77961890
4575,0.78708998
4576,0.78743913
4577,0.78605752
4578,0.78066809
4579,0.78451546
4580,0.81277372
4581,0.80837282
4582,0.80540432
4583,0.80175345
4584,0.78597085
4585,0.78766974
4586,0.78685956
4587,0.78913649
4588,0.79165426
4589,0.80348368
4590,0.79236266
4591,0.78415652
4592,0.78761493
4593,0.79141382
4594,0.81112531
4595,0.80820706
4596,0.81607274
4597,0.80964763
4598,0.80735819
4599,0.82453369
4600,0.81051095
4601,0.80139297
4602,0.82744737
4603,0.81750917
4604,0.81367344
4605,0.80944871
4606,0.83175947
4607,0.79882065
4608,0.78937276
4609,0.78689826
4610,0.79519476
4611,0.79159870
4612,0.79072933
4613,0.79617793
4614,0.79544612
4615,0.79204396
4616,0.79997210
4617,0.79611825
4618,0.79697323
4619,0.79985770
4620,0.77248418
4621,0.75735619
4622,0.76665391
4623,0.78843632
4624,0.80056760
4625,0.79800196
4626,0.79560057
4627,0.80462717
4628,0.80559657
4629,0.79659523
4630,0.79925656
4631,0.80159155
4632,0.80259030
4633,0.80251820
4634,0.77072014
4635,0.79240841
4636,0.81833147
4637,0.81478300
4638,0.80457056
4639,0.79971152
4640,0.84354242
4641,0.82039334
4642,0.75536290
4643,0.76751207
4644,0.77274408
4645,0.76711239
4646,0.77099193
4647,0.77325588
4648,0.79174923
4649,0.77609968
4650,0.77466257
4651,0.77630360
4652,0.77107740
4653,0.77323536
4654,0.81206048
4655,0.77998262
4656,0.77027463
4657,0.77180857
4658,0.77945613
4659,0.77241314
4660,0.77968133
4661,0.78243426
4662,0.79935570
4663,0.82640518
4664,0.83307600
4665,0.83163481
4666,0.83614024
4667,0.83539798
4668,0.83529614
4669,0.83492814
4670,0.83663252
4671,0.84040549
4672,0.83786435
4673,0.83706969
4674,0.87256614
4675,0.79894335
4676,0.80406729
4677,0.78674935
4678,0.83260000
4679,0.83443002
4680,0.84181562
4681,0.83672470
4682,0.84350586
4683,0.84457402
4684,0.83867944
4685,0.78317698
4686,0.78826069
4687,0.78192547
4688,0.77792600
4689,0.79138027
4690,0.79715921
4691,0.78481503
4692,0.78327518
4693,0.78098911
4694,0.78173962
4695,0.79512402
4696,0.79405530
4697,0.83641588
4698,0.85111582
4699,0.84547472
4700,0.84822446
4701,0.79638055
4702,0.81320705
4703,0.83038879
4704,0.83262068
4705,0.82455285
4706,0.82615133
4707,0.82628873
4708,0.80448011
4709,0.78798180
4710,0.79630150
4711,0.79779259
4712,0.80150860
4713,0.79029398
4714,0.79463867
4715,0.79343516
4716,0.79371406
4717,0.79349930
4718,0.82426741
4719,0.82638849
4720,0.85206095
4721,0.86209053
4722,0.85504563
4723,0.85655413
4724,0.85875990
4725,0.78484429
4726,0.79255183
4727,0.79541057
4728,0.78973535
4729,0.80023803
4730,0.80267572
4731,0.80228515
4732,0.79947231
4733,0.80281970
4734,0.79985233
4735,0.80329767
4736,0.80284611
4737,0.80080053
4738,0.80494702
4739,0.80335759
4740,0.80268912
4741,0.84031801
4742,0.86274170
4743,0.84539965
4744,0.84753406
4745,0.84633867
4746,0.87376871
4747,0.87147327
4748,0.86864869
4749,0.86097458
4750,0.80778288
4751,0.80923266
4752,0.80685267
4753,0.81621051
4754,0.86871643
4755,0.86901417
4756,0.87151889
4757,0.87054241
4758,0.87398130
4759,0.86821354
4760,0.86918681
4761,0.87251573
4762,0.87403701
4763,0.86406266
4764,0.86734909
4765,0.86280002
4766,0.87271749
4767,0.87314729
4768,0.87533062
4769,0.87146760
4770,0.86800234
4771,0.87538533
4772,0.87057356
4773,0.87301180
4774,0.94367490
4775,0.86905921
4776,0.88450988
4777,0.86950138
4778,0.89160636
4779,0.87554539
4780,0.80467520
4781,0.84468758
4782,0.84684236
4783,0.85185565
4784,0.84708562
4785,0.85825040
4786,0.85037868
4787,0.91340190
4788,0.85317786
4789,0.86031647
4790,0.82218435
4791,0.81280492
4792,0.82227861
4793,0.86430883
4794,0.87996754
4795,0.88280364
4796,0.88133764
4797,0.88118331
4798,0.87954549
4799,0.88664023
4800,0.88077375
4801,0.88362682
4802,0.87577677
4803,0.87778481
4804,0.88211555
4805,0.88994052
4806,0.88532924
4807,0.88340636
4808,0.88116577
4809,0.88486382
4810,0.91402392
4811,0.88517181
4812,0.88553138
4813,0.89157240
4814,0.88262706
4815,0.88047019
4816,0.81460712
4817,0.81699922
4818,0.86342610
4819,0.88123604
4820,0.83807858
4821,0.82718523
4822,0.83890355
4823,0.82370451
4824,0.82639927
4825,0.82935161
4826,0.82852925
4827,0.83144468
4828,0.96754336
4829,0.87792833
4830,0.88131669
4831,0.87694522
4832,0.87923688
4833,0.87503858
4834,0.87521758
4835,0.87818929
4836,0.88774116
4837,0.88933639
4838,0.85358112
4839,0.82995687
4840,0.82826522
4841,0.83505536
4842,0.89074724
4843,0.90096042
4844,0.89063531
4845,0.88538863
4846,0.87702110
4847,0.90973070
4848,0.87977545
4849,0.84123670
4850,0.84221205
4851,0.84444882
4852,0.84999064
4853,0.86882176
4854,0.85073991
4855,0.84493784
4856,0.84339667
4857,0.84457819
4858,0.84256916
4859,0.84652082
4860,0.85204290
4861,0.85203692
4862,0.84386859
4863,0.84215383
4864,0.84898372
4865,0.84758533
4866,0.84716884
4867,0.85059679
4868,0.85310175
4869,0.85924719
4870,0.84668931
4871,0.84796398
4872,0.84556289
4873,0.90200419
4874,0.84353369
4875,0.85635593
4876,0.85601157
4877,0.85880694
4878,0.88403150
4879,0.85658030
4880,0.86381032
4881,0.87105151
4882,0.85799333
4883,0.86073969
4884,0.85760089
4885,0.85222413
4886,0.86434565
4887,0.85619724
4888,0.85003086
4889,0.85485326
4890,0.87221249
4891,0.89513922
4892,0.90208371
4893,0.90851963
4894,0.90088819
4895,0.90447325
4896,0.89896871
4897,0.90240379
4898,0.90375522
4899,0.90800660
4900,0.90360244
4901,0.90821748
4902,0.90147510
4903,0.89780971
4904,0.84818430
4905,0.85832318
4906,0.85714836
4907,0.87416077
4908,0.86221860
4909,0.86591040
4910,0.86135660
4911,0.86021277
4912,0.90915389
4913,0.87237616
4914,0.86268519
4915,0.86619063
4916,0.87022413
4917,0.86607474
4918,0.89385046
4919,0.87055007
4920,0.86835782
4921,0.87126212
4922,0.87628602
4923,0.87238966
4924,0.87574720
4925,0.86767829
4926,0.87193294
4927,0.87822556
4928,0.88331639
4929,0.87380296
4930,0.88200729
4931,0.87523695
4932,0.88077259
4933,0.87260872
4934,0.87835812
4935,0.89272335
4936,0.87140546
4937,0.88333696
4938,0.87602759
4939,0.87884190
4940,0.87980699
4941,0.87955193
4942,0.87279596
4943,0.87829882
4944,0.87719140
4945,0.88708360
4946,0.88080821
4947,0.88209689
4948,0.88537385
4949,0.90523146
4950,0.91443108
4951,0.92421831
4952,0.92627815
4953,0.91924074
4954,0.92454887
4955,0.92410322
4956,0.92709711
4957,0.92402858
4958,0.95617081
4959,0.92091721
4960,0.93044665
4961,0.95315138
4962,0.93052389
4963,0.92865189
4964,0.92130700
4965,0.92384698
4966,0.86699793
4967,0.88315483
4968,0.96157838
4969,0.92499118
4970,0.92463125
4971,0.92766937
4972,0.92571617
4973,0.92633147
4974,0.92690498
4975,0.92696496
4976,0.92133073
4977,0.92889481
4978,0.92756739
4979,0.92930462
4980,0.95658444
4981,0.93904131
4982,0.93402262
4983,0.94279365
4984,0.93417919
4985,0.93578521
4986,0.93539435
4987,0.93269467
4988,0.93710100
4989,0.93733166
4990,0.93815051
4991,0.93093428
4992,0.93490117
4993,0.93403906
4994,0.93250884
4995,0.93696554
4996,0.93760030
4997,0.92973032
4998,0.93483256
4999,0.93547466
